citation_key,entry_type,author,year,title,doi,doi_status,isbn,isbn_status,issn,issn_status,volume,issue,pages,publisher,journal_or_container,url,external_source,verification_note,aliases
abate2017,article,"Abate, A., Bacci, G., Bacci, G., & Larsen, K. G.",2017,On the relationship between bisimulation and trace equivalence in an approximate probabilistic context,,not_present,,not_present,,not_present,,,,,,,,,
abbott2001,article,"Abbott, A.",2001,Chaos of disciplines,,not_present,,not_present,,not_present,,,,,,,,,
abramsky2013,article,"Abramsky, S.",2013,Semantics of interaction,,not_present,,not_present,,not_present,,,,,,,,,
alur2002,article,"Alur, R., Henzinger, T. A., & Kupferman, O.",2002,Alternating-time temporal logic,,not_present,,not_present,,not_present,49,5,672-713,,,,,,
americanchemicalsociety2026,article,American Chemical Society.,2026,Chemistry is everywhere: What is chemistry? American Psychological Association,,not_present,,not_present,,not_present,,,,,,,,,
anderson1982,article,"Anderson, J. R.",1982,Acquisition of cognitive skill,,not_present,,not_present,,not_present,,,369-406,,,,,,
anderson2007,article,"Anderson, J. R.",2007,How Can the Human Mind Occur in the Physical Universe? Oxford University Press,,not_present,,not_present,,not_present,,,,,,,,,
angelopoulos2021,book,"Angelopoulos, A. N., & Bates, S.",2021,A Gentle Introduction to Conformal Prediction and Distribution-Free Uncertainty Quantification,,not_present,,not_present,,not_present,,,,,,,,,
ashby1956,book,"Ashby, W. R.",1956,An Introduction to Cybernetics,,not_present,,not_present,,not_present,,,,,,,,,ashby1956an
bacon2017,article,"Bacon, P.-L., Harb, J., & Precup, D.",2017,The option-critic architecture,,not_present,,not_present,,not_present,,,,,,,,,
baez2021,article,"Baez, J. C., Genovese, F., Master, J., & Shulman, M.",2021,Categories of nets,,not_present,,not_present,,not_present,,,,,,,,,
baez2010,article,"Baez, J. C., & Stay, M.",2010,"Physics, topology, logic and computation: A Rosetta Stone",,not_present,,not_present,,not_present,,,,,,,,,
bahr2016,article,"Bahr, G. S., & Stary, C.",2016,What is interaction science? Revisiting the aims and scope of JoIS,10.1186/s40166-016-0015-5,syntax_valid_authority_unresolved,,not_present,,not_present,,,016-0015,,,https://doi.org/10.1186/s40166-016-0015-5,,,
baier2008,book,"Baier, C., & Katoen, J.-P.",2008,Principles of Model Checking,,not_present,9780262026499,externally_corroborated,,not_present,,,975,MIT Press,,,https://mitpress.mit.edu/9780262026499/principles-of-model-checking/,Official publisher URL surfaced by external search; record retained under canonical duplicate.,baier2008principles | baier2008principles2
barhillel1953,article,"Bar-Hillel, Y., & Carnap, R.",1953,Semantic information,,not_present,,not_present,,not_present,,,147-157,,,,,,
barnett2002,article,"Barnett, S. M., & Ceci, S. J.",2002,When and where do we apply what we learn? A taxonomy for far transfer,,not_present,,not_present,,not_present,128,4,612-637,,,,,,
bateson1972,article,"Bateson, G.",1972,Steps to an Ecology of Mind,,not_present,,not_present,,not_present,,,,,,,,,
beach1999,article,"Beach, K.",1999,Consequential transitions: A sociocultural expedition beyond transfer in education,,not_present,,not_present,,not_present,,,101-139,,,,,,
beer1995,article,"Beer, R. D.",1995,A dynamical systems perspective on agent-environment interaction,,not_present,,not_present,,not_present,,,173-215,,,,,,
bell1973,article,"Bell, D. E., & LaPadula, L. J.",1973,Secure Computer Systems: Mathematical Foundations,,not_present,,not_present,,not_present,,,,,,,,,
belton2002,article,"Belton, V., & Stewart, T. J.",2002,Multiple Criteria Decision Analysis: An Integrated Approach,,not_present,,not_present,,not_present,,,,,,,,,
bertalanffy1968,article,"Bertalanffy, L. von.",1968,General system theory,,not_present,,not_present,,not_present,,,,,,,,,
bertalanffy1968general,article,"Bertalanffy, L. von.",1968,"General system theory: Foundations, development, applications",,not_present,,not_present,,not_present,,,,,,,,,vonbertalanffy1968
blackwell2015,article,"Blackwell, A. F.",2015,HCI as an inter-discipline,10.1145/2702613.2732505,syntax_valid_authority_unresolved,,not_present,,not_present,,,503-516,,,https://doi.org/10.1145/2702613.2732505,,,
blunden2015,article,"Blunden, A.",2015,Engeström's activity theory and social theory [Critical essay],,not_present,,not_present,,not_present,,,,,,,,,
bohannon2006,article,"Bohannon, A., Pierce, B. C., & Vaughan, J. A.",2006,Relational lenses: A language for updatable views,,not_present,,not_present,,not_present,,,,,,,,,
borko1968,article,"Borko, H.",1968,"Information science: What is it? American Documentation, 19(1), 3-5",10.1002/asi.5090190103,externally_corroborated,,not_present,,not_present,19,1,3-5,,,https://doi.org/10.1002/asi.5090190103,https://doi.org/10.1002/asi.5090190103,DOI corroborated by external bibliographic search result; publisher/API record not machine-fetched.,
borst1997,article,"Borst, W. N.",1997,Construction of Engineering Ontologies for Knowledge Sharing and Reuse,,not_present,,not_present,,not_present,,,,,,,,,
boyd1991,article,"Boyd, R.",1991,"Realism, anti-foundationalism and the enthusiasm for natural kinds",,not_present,,not_present,,not_present,,,127-148,,,,,,
bransford2000,article,"Bransford, J. D., Brown, A. L., & Cocking, R. R. (Eds.).",2000,How People Learn,,not_present,,not_present,,not_present,,,,,,,,,
bratman1987,article,"Bratman, M. E.",1987,"Intention, Plans, and Practical Reason",,not_present,,not_present,,not_present,,,,,,,,,
brennan2001,article,"Brennan, R. L.",2001,Generalizability Theory,,not_present,,not_present,,not_present,,,,,,,,,
brooke1996,article,"Brooke, J.",1996,SUS: A quick and dirty usability scale,,not_present,,not_present,,not_present,,,,,,,,,
bunke1997,article,"Bunke, H.",1997,On a relation between graph edit distance and maximum common subgraph,,not_present,,not_present,,not_present,,,689-694,,,,,,
campbell1959,article,"Campbell, D. T., & Fiske, D. W.",1959,Convergent and discriminant validation by the multitrait-multimethod matrix,,not_present,,not_present,,not_present,56,2,81-105,,,,,,
card1986,article,"Card, S. K.",1986,The Model Human Processor: A Model for Making Engineering Calculations of Human Performance,,not_present,,not_present,,not_present,,,,,,,,,
card1999,article,"Card, S. K., Mackinlay, J. D., & Shneiderman, B. (Eds.).",1999,Readings in information visualization,,not_present,,not_present,,not_present,,,,,,,,,
card1983,book,"Card, S. K., Moran, T. P., & Newell, A.",1983,The Psychology of Human-Computer Interaction,,not_present,,not_present,,not_present,,,,,,,,,card1983the | card1983the2 | card1983the3
cartwright1983,article,"Cartwright, N.",1983,How the laws of physics lie,,not_present,,not_present,,not_present,,,,,,,,,
cartwright1989,article,"Cartwright, N.",1989,Nature's capacities and their measurement,,not_present,,not_present,,not_present,,,,,,,,,
cassandras2008,book,"Cassandras, C. G., & Lafortune, S.",2008,Introduction to Discrete Event Systems (2nd ed.),,not_present,,not_present,,not_present,,,,,,,,,
chemero2003,article,"Chemero, A.",2003,An outline of a theory of affordances,,not_present,,not_present,,not_present,15,2,181-195,,,,,,
chemero2009,article,"Chemero, A.",2009,Radical embodied cognitive science,,not_present,,not_present,,not_present,,,,,,,,,
clark1998,article,"Clark, A., & Chalmers, D.",1998,The extended mind,,not_present,,not_present,,not_present,58,1,7-19,,,,,,
clark1996,article,"Clark, H. H.",1996,Using language,,not_present,,not_present,,not_present,,,,,,,,,
clark1991,article,"Clark, H. H., & Brennan, S. E.",1991,Grounding in communication,,not_present,,not_present,,not_present,,,127-149,,,,,,
clarke1999,article,"Clarke, E. M., Grumberg, O., & Peled, D. A.",1999,Model Checking,,not_present,,not_present,,not_present,,,,,,,,,
cleveland1984,article,"Cleveland, W. S., & McGill, R.",1984,"Graphical perception: Theory, experimentation, and application to the development of graphical methods",,not_present,,not_present,,not_present,79,387,531-554,,,,,,
codd1970,article,"Codd, E. F.",1970,A relational model of data for large shared data banks,,not_present,,not_present,,not_present,,,377-387,,,,,,
cohen1990,article,"Cohen, P. R., & Levesque, H. J.",1990,Intention is choice with commitment,,not_present,,not_present,,not_present,,,2-3,,,,,,
cook1979,article,"Cook, T. D., & Campbell, D. T.",1979,Quasi-Experimentation,,not_present,,not_present,,not_present,,,,,,,,,
cousot1977abstract,article,"Cousot, P., & Cousot, R.",1977,Abstract interpretation: A unified lattice model for static analysis,,not_present,,not_present,,not_present,,,,,,,,,
cousot1977,article,"Cousot, P., & Cousot, R.",1977,Abstract interpretation: A unified lattice model for static analysis of programs by construction or approximation of fixpoints,,not_present,,not_present,,not_present,,,238-252,,,,,,
craver2007,article,"Craver, C. F.",2007,Explaining the brain,,not_present,,not_present,,not_present,,,,,,,,,
cronbach1955,article,"Cronbach, L. J., & Meehl, P. E.",1955,Construct validity in psychological tests,,not_present,,not_present,,not_present,52,4,281-302,,,,,,
daston2000,article,"Daston, L. (Ed.).",2000,Biographies of scientific objects,,not_present,,not_present,,not_present,,,,,,,,,
daston2007,article,"Daston, L., & Galison, P.",2007,Objectivity,,not_present,,not_present,,not_present,,,,,,,,,
davidson1980,article,"Davidson, D.",1980,Essays on Actions and Events,,not_present,,not_present,,not_present,,,,,,,,,
desouza2005,article,"de Souza, C. S.",2005,The semiotic engineering of human-computer interaction,,not_present,,not_present,,not_present,,,,,,,,,
dewey1896,article,"Dewey, J.",1896,The reflex arc concept in psychology,,not_present,,not_present,,not_present,,,357-370,,,,,,
dey2001,article,"Dey, A. K.",2001,Understanding and using context,,not_present,,not_present,,not_present,,,4-7,,,,,,
dourish2001,article,"Dourish, P.",2001,Where the Action Is: The Foundations of Embodied Interaction,,not_present,,not_present,,not_present,,,,,,,,,dourish2001where
dretske1981,article,"Dretske, F. I.",1981,Knowledge and the Flow of Information,,not_present,,not_present,,not_present,,,,,,,,,
dupr1993,article,"Dupré, J.",1993,The disorder of things,,not_present,,not_present,,not_present,,,,,,,,,
eco1976,article,"Eco, U.",1976,A theory of semiotics,,not_present,,not_present,,not_present,,,,,,,,,
engelhardt2002,article,"Engelhardt, Y.",2002,The language of graphics,,not_present,,not_present,,not_present,,,,,,,,,
engestrm1987,book,"Engeström, Y.",1987,Learning by expanding: An activity-theoretical approach to developmental research,,not_present,,not_present,,not_present,,,,,,,,,engestrom1987learning2
engestrom1987,book,"Engestrom, Y.",1987,Learning by Expanding,,not_present,,not_present,,not_present,,,,,,,,,engestrom1987learning
ericsson1993,article,"Ericsson, K. A., Krampe, R. T., & Tesch-Romer, C.",1993,The role of deliberate practice in the acquisition of expert performance,,not_present,,not_present,,not_present,,,363-406,,,,,,
fagin1995,article,"Fagin, R., Halpern, J. Y., Moses, Y., & Vardi, M. Y.",1995,Reasoning About Knowledge,,not_present,,not_present,,not_present,,,,,,,,,
farrell2018,article,"Farrell, S., & Lewandowsky, S.",2018,Computational modeling of cognition and behavior,10.1017/9781316272503,syntax_valid_authority_unresolved,9781316272503,checksum_valid_authority_unresolved,,not_present,,,,,,https://doi.org/10.1017/9781316272503,,,
ferraiolo2003,article,"Ferraiolo, D. F., Kuhn, D. R., & Chandramouli, R.",2003,Role-Based Access Control,,not_present,,not_present,,not_present,,,,,,,,,
ferrando2019,article,"Ferrando, A., Winikoff, M., Cranefield, S., Dignum, F., & Mascardi, V.",2019,On the enactability of agent interaction protocols: Toward a unified approach,,not_present,,not_present,,not_present,,,,,,,,,
fidel2012,article,"Fidel, R.",2012,Human information interaction: An ecological approach to information behavior,,not_present,,not_present,,not_present,,,,,,,,,
fikes1971,article,"Fikes, R. E., & Nilsson, N. J.",1971,STRIPS: A new approach to the application of theorem proving to problem solving,,not_present,,not_present,,not_present,,,189-208,,,,,,
fipa2002,article,FIPA.,2002,FIPA Agent Communication Language Specifications and Interaction Protocol Specifications,,not_present,,not_present,,not_present,,,,,,,,,
fitts1954,article,"Fitts, P. M.",1954,The Information Capacity of the Human Motor System in Controlling the Amplitude of Movement,,not_present,,not_present,,not_present,47,6,381-391,,,,,,
fitts1967,article,"Fitts, P. M., & Posner, M. I.",1967,Human Performance,,not_present,,not_present,,not_present,,,,,,,,,
fleck1979,article,"Fleck, L.",1979,Genesis and development of a scientific fact (original work published 1935),,not_present,,not_present,,not_present,,,,,,,,,
floridi2004,article,"Floridi, L.",2004,Outline of a theory of strongly semantic information,,not_present,,not_present,,not_present,,,197-221,,,,,,
frigg2020,book,"Frigg, R., & Nguyen, J.",2020,Modelling nature: An opinionated introduction to scientific representation,,not_present,,not_present,,not_present,,,,,,,,,
garcabauelos2018,article,"García-Bañuelos, L., van Beest, N. R. T. P., Dumas, M., La Rosa, M., & Mertens, W.",2018,Complete and interpretable conformance checking of business processes,,not_present,,not_present,,not_present,44,3,262-290,,,,,,
gaver1991technology,article,"Gaver, W. W.",1991,Technology affordances,,not_present,,not_present,,not_present,,,79-84,,,,,,gaver1991
geertz1973,article,"Geertz, C.",1973,The interpretation of cultures,,not_present,,not_present,,not_present,,,,,,,,,
gentner1983,article,"Gentner, D.",1983,Structure-mapping: A theoretical framework for analogy,,not_present,,not_present,,not_present,,,155-170,,,,,,
gershman2015,article,"Gershman, S. J., Horvitz, E. J., & Tenenbaum, J. B.",2015,"Computational rationality: A converging paradigm for intelligence in brains, minds, and machines",10.1126/science.aac6076,syntax_valid_authority_unresolved,,not_present,,not_present,349,6245,273-278,,,https://doi.org/10.1126/science.aac6076,,,
gibson1979,article,"Gibson, J. J.",1979,The Ecological Approach to Visual Perception,,not_present,,not_present,,not_present,,,,,,,,,gibson1979the | gibson1979the2
gick1983,article,"Gick, M. L., & Holyoak, K. J.",1983,Schema induction and analogical transfer,,not_present,,not_present,,not_present,,,1-38,,,,,,
giere2006,article,"Giere, R. N.",2006,Scientific perspectivism,,not_present,,not_present,,not_present,,,,,,,,,
gieryn1983,article,"Gieryn, T. F.",1983,Boundary-work and the demarcation of science from non-science,,not_present,,not_present,,not_present,,,781-795,,,,,,
gigerenzer2011,article,"Gigerenzer, G., & Gaissmaier, W.",2011,Heuristic decision making,,not_present,,not_present,,not_present,,,451-482,,,,,,
goodman1976,article,"Goodman, N.",1976,Languages of art (2nd ed.),,not_present,,not_present,,not_present,,,,,,,,,
goodwin2000,article,"Goodwin, C.",2000,Action and embodiment within situated human interaction,,not_present,,not_present,,not_present,32,10,1489-1522,,,,,,
gower1971,article,"Gower, J. C.",1971,A general coefficient of similarity and some of its properties,,not_present,,not_present,,not_present,,,857-871,,,,,,
green1996,article,"Green, T. R. G., & Petre, M.",1996,Usability analysis of visual programming environments: A cognitive dimensions framework,,not_present,,not_present,,not_present,,,131-174,,,,,,
greeno1994,article,"Greeno, J. G.",1994,Gibson’s affordances,,not_present,,not_present,,not_present,101,2,336-342,,,,,,
greeno1993,article,"Greeno, J. G., Smith, D. R., & Moore, J. L.",1993,Transfer of situated learning,,not_present,,not_present,,not_present,,,,,,,,,
grice1957,article,"Grice, H. P.",1957,Meaning,,not_present,,not_present,,not_present,,,377-388,,,,,,
gruber1993a,article,"Gruber, T. R.",1993,A translation approach to portable ontology specifications,,not_present,,not_present,,not_present,,,199-220,,,,,,gruber1993
guarino1998,article,"Guarino, N.",1998,Formal ontology and information systems,,not_present,,not_present,,not_present,,,3-15,,,,,,
hacking1983,article,"Hacking, I.",1983,Representing and intervening,,not_present,,not_present,,not_present,,,,,,,,,
hacking1999,article,"Hacking, I.",1999,The social construction of what? Harvard University Press,,not_present,,not_present,,not_present,,,,,,,,,
harel1987statecharts,article,"Harel, D.",1987,Statecharts: A visual formalism for complex systems,,not_present,,not_present,,not_present,,,231-274,,,,,,harel1987
hart1988,article,"Hart, S. G., & Staveland, L. E.",1988,Development of NASA-TLX,,not_present,,not_present,,not_present,,,,,,,,,
hartson2003,article,"Hartson, H. R.",2003,"Cognitive, physical, sensory, and functional affordances in interaction design",,not_present,,not_present,,not_present,22,5,315-338,,,,,,
hempel1948,article,"Hempel, C. G., & Oppenheim, P.",1948,Studies in the logic of explanation,,not_present,,not_present,,not_present,,,135-175,,,,,,
hick1952,article,"Hick, W. E.",1952,On the Rate of Gain of Information,,not_present,,not_present,,not_present,4,1,11-26,,,,,,
hoare1985,article,"Hoare, C. A. R.",1985,Communicating Sequential Processes,,not_present,,not_present,,not_present,,,,,,,,,hoare1985communicating
hollan2000,article,"Hollan, J., Hutchins, E., & Kirsh, D.",2000,Distributed cognition: Toward a new foundation for human-computer interaction research,10.1145/353485.353487,syntax_valid_authority_unresolved,,not_present,,not_present,7,2,174-196,,,https://doi.org/10.1145/353485.353487,,,
hollnagel2005,article,"Hollnagel, E., & Woods, D. D.",2005,Joint cognitive systems: Foundations of cognitive systems engineering,,not_present,,not_present,,not_present,,,,,,,,,
hornbk2025,book,"Hornbæk, K., Kristensson, P. O., & Oulasvirta, A.",2025,Introduction to human-computer interaction,10.1093/oso/9780192864543.001.0001,syntax_valid_authority_unresolved,9780192864543,checksum_valid_authority_unresolved,,not_present,,,,,,https://doi.org/10.1093/oso/9780192864543.001.0001,,,
hornbk2019,article,"Hornbæk, K., Mottelson, A., Knibbe, J., & Vogel, D.",2019,What do we mean by “interaction”? An analysis of 35 years of CHI,10.1145/3325285,syntax_valid_authority_unresolved,,not_present,,not_present,26,4,,,,https://doi.org/10.1145/3325285,,,
hornbk2017,article,"Hornbæk, K., & Oulasvirta, A.",2017,What is interaction? In Proceedings of CHI 2017 (pp,10.1145/3025453.3025765,syntax_valid_authority_unresolved,,not_present,,not_present,,,5040-5052,,,https://doi.org/10.1145/3025453.3025765,,,
hornbk2017what,article,"Hornbæk, K., & Oulasvirta, A.",2017,What is interaction? In Proceedings of the 2017 CHI Conference on Human Factors in Computing Systems (pp,10.1145/3025453.3025765,syntax_valid_authority_unresolved,,not_present,,not_present,,,5040-5052,,,https://doi.org/10.1145/3025453.3025765,,,
hutchins1995,book,"Hutchins, E.",1995,Cognition in the Wild,,not_present,,not_present,,not_present,,,,,,,,,hutchins1995cognition
hyman1953,article,"Hyman, R.",1953,Stimulus Information as a Determinant of Reaction Time,,not_present,,not_present,,not_present,45,3,188-196,,,,,,
internationalergonomicsassociation2000,article,International Ergonomics Association.,2000,Definition and domains of ergonomics,,not_present,,not_present,,not_present,,,,,,,,,
jastrzembski2007,article,"Jastrzembski, T. S., & Charness, N.",2007,The Model Human Processor and the Older Adult: Parameter Estimation and Validation Within a Mobile Phone Task,,not_present,,not_present,,not_present,13,4,224-248,,,,,,
jcgm2008,article,JCGM.,2008,Evaluation of measurement data - Guide to the expression of uncertainty in measurement,,not_present,,not_present,,not_present,,,,,,,,,
johnsonlaird1983,article,"Johnson-Laird, P. N.",1983,Mental models,,not_present,,not_present,,not_present,,,,,,,,,
judd1908,article,"Judd, C. H.",1908,The relation of special training to general intelligence,,not_present,,not_present,,not_present,,,,,,,,,
kaelbling1998planning,article,"Kaelbling, L. P., Littman, M. L., & Cassandra, A. R.",1998,Planning and acting in partially observable stochastic domains,,not_present,,not_present,,not_present,,,99-134,,,,,,kaelbling1998
kahneman1979,article,"Kahneman, D., & Tversky, A.",1979,Prospect theory: An analysis of decision under risk,,not_present,,not_present,,not_present,47,2,263-291,,,,,,kahneman1979prospect
kalman1960,article,"Kalman, R. E.",1960,Contributions to the theory of optimal control,,not_present,,not_present,,not_present,,,102-119,,,,,,
kaptelinin2006,article,"Kaptelinin, V., & Nardi, B. A.",2006,Acting with technology: Activity theory and interaction design,,not_present,,not_present,,not_present,,,,,,,,,
kelso1995,article,"Kelso, J. A. S.",1995,Dynamic patterns: The self-organization of brain and behavior,,not_present,,not_present,,not_present,,,,,,,,,
kendon1990,article,"Kendon, A.",1990,Conducting Interaction: Patterns of Behavior in Focused Encounters,,not_present,,not_present,,not_present,,,,,,,,,
khetarpal2020,article,"Khetarpal, K., Ahmed, Z., Comanici, G., Abel, D., & Precup, D.",2020,What can I do here? A theory of affordances in reinforcement learning,,not_present,,not_present,,not_present,,,,,,,,,
kirsh2010,article,"Kirsh, D.",2010,Thinking with external representations,,not_present,,not_present,,not_present,,,441-454,,,,,,
kitcher1981,article,"Kitcher, P.",1981,Explanatory unification,,not_present,,not_present,,not_present,,,507-531,,,,,,
kolchinsky2018,article,"Kolchinsky, A., & Wolpert, D. H.",2018,"Semantic information, autonomous agency, and nonequilibrium statistical physics",,not_present,,not_present,,not_present,8,6,,,,,,,
kosslyn1994,article,"Kosslyn, S. M.",1994,Image and brain,,not_present,,not_present,,not_present,,,,,,,,,
krantz1971,article,"Krantz, D. H., Luce, R. D., Suppes, P., & Tversky, A.",1971,"Foundations of Measurement, Volume I",,not_present,,not_present,,not_present,,,,,,,,,
kruskal1978,article,"Kruskal, J. B., & Wish, M.",1978,Multidimensional Scaling,,not_present,,not_present,,not_present,,,,,,,,,
kuhn1970,article,"Kuhn, T. S.",1970,The structure of scientific revolutions (2nd ed.; original work published 1962),,not_present,,not_present,,not_present,,,,,,,,,
kuutti1996,article,"Kuutti, K.",1996,Activity theory as a potential framework for human-computer interaction research,,not_present,,not_present,,not_present,,,17-44,,,,,,
lakatos1978,article,"Lakatos, I.",1978,The methodology of scientific research programmes,,not_present,,not_present,,not_present,,,,,,,,,
lange2013,article,"Lange, M., Lozes, E., & Vargas Guzman, M.",2013,Model-checking process equivalences,,not_present,,not_present,,not_present,,,326-347,,,,,,
larkin1987,article,"Larkin, J. H., & Simon, H. A.",1987,Why a diagram is (sometimes) worth ten thousand words,,not_present,,not_present,,not_present,11,1,65-100,,,,,,larkin1987why
lave1988,article,"Lave, J.",1988,Cognition in Practice,,not_present,,not_present,,not_present,,,,,,,,,
lave1991,article,"Lave, J., & Wenger, E.",1991,Situated learning: Legitimate peripheral participation,10.1017/CBO9780511815355,syntax_valid_authority_unresolved,9780511815355,checksum_valid_authority_unresolved,,not_present,,,,,,https://doi.org/10.1017/CBO9780511815355,,,
lei2018,article,"Lei, J., G'Sell, M., Rinaldo, A., Tibshirani, R. J., & Wasserman, L.",2018,Distribution-Free Predictive Inference for Regression,,not_present,,not_present,,not_present,113,523,1094-1111,,,,,,
levenshtein1966,article,"Levenshtein, V. I.",1966,"Binary codes capable of correcting deletions, insertions, and reversals",,not_present,,not_present,,not_present,,,707-710,,,,,,
logan1988,article,"Logan, G. D.",1988,Toward an instance theory of automatization,,not_present,,not_present,,not_present,95,4,492-527,,,,,,
lord1968,article,"Lord, F. M., & Novick, M. R.",1968,Statistical Theories of Mental Test Scores,,not_present,,not_present,,not_present,,,,,,,,,
luhmann1995,article,"Luhmann, N.",1995,Social Systems,,not_present,,not_present,,not_present,,,,,,,,,
lynch1996,article,"Lynch, N. A.",1996,Distributed Algorithms,,not_present,,not_present,,not_present,,,,,,,,,
machamer2000,article,"Machamer, P., Darden, L., & Craver, C. F.",2000,Thinking about mechanisms,,not_present,,not_present,,not_present,,,1-25,,,,,,
macmillan2005,article,"Macmillan, N. A., & Creelman, C. D.",2005,Detection Theory: A User's Guide,,not_present,,not_present,,not_present,,,,,,,,,
marr1982,article,"Marr, D.",1982,Vision,,not_present,,not_present,,not_present,,,,,,,,,
maturana2002,article,"Maturana, H. R.",2002,"Autopoiesis, structural coupling and cognition",,not_present,,not_present,,not_present,,,3-4,,,,,,
mayr1982,article,"Mayr, E.",1982,The growth of biological thought,,not_present,,not_present,,not_present,,,,,,,,,
mead1934,article,"Mead, G. H.",1934,"Mind, Self, and Society",,not_present,,not_present,,not_present,,,,,,,,,
messick1995,article,"Messick, S.",1995,Validity of psychological assessment,,not_present,,not_present,,not_present,50,9,741-749,,,,,,
millsap2011,article,"Millsap, R. E.",2011,Statistical approaches to measurement invariance,,not_present,,not_present,,not_present,,,,,,,,,
milner1980,article,"Milner, R.",1980,A Calculus of Communicating Systems,,not_present,,not_present,,not_present,,,,,,,,,
milner1989,article,"Milner, R.",1989,Communication and concurrency,,not_present,,not_present,,not_present,,,,,,,,,
morris1938,article,"Morris, C. W.",1938,Foundations of the Theory of Signs,,not_present,,not_present,,not_present,,,,,,,,,
murata1989,article,"Murata, T.",1989,"Petri nets: Properties, analysis and applications",,not_present,,not_present,,not_present,77,4,541-580,,,,,,
nationalacademiesofsciences2018,article,"National Academies of Sciences, Engineering, and Medicine.",2018,How People Learn II,,not_present,,not_present,,not_present,,,,,,,,,
newell1985,article,"Newell, A., & Card, S. K.",1985,The prospects for psychological science in human-computer interaction,,not_present,,not_present,,not_present,1,3,209-242,,,,,,
newell1958,article,"Newell, A., Shaw, J. C., & Simon, H. A.",1958,Elements of a theory of human problem solving,,not_present,,not_present,,not_present,,,151-166,,,,,,
newell1972,article,"Newell, A., & Simon, H. A.",1972,Human Problem Solving,,not_present,,not_present,,not_present,,,,,,,,,
newell1976,article,"Newell, A., & Simon, H. A.",1976,Computer science as empirical inquiry: Symbols and search,,not_present,,not_present,,not_present,,,113-126,,,,,,
norman1983,article,"Norman, D. A.",1983,Some observations on mental models,,not_present,,not_present,,not_present,,,7-14,,,,,,
norman1986,article,"Norman, D. A.",1986,Cognitive engineering,,not_present,,not_present,,not_present,,,,,,,,,norman1986cognitive | norman1986cognitive2
norman1988,article,"Norman, D. A.",1988,The psychology of everyday things,,not_present,,not_present,,not_present,,,,,,,,,
norman2013the5,book,"Norman, D. A.",2013,The Design of Everyday Things,,not_present,,not_present,,not_present,,,,,,,,,
norman2013,book,"Norman, D. A.",2013,The design of everyday things (Rev,,not_present,,not_present,,not_present,,,,,,,,,norman2013the
norman2013the2,book,"Norman, D. A.",2013,"The Design of Everyday Things, revised and expanded edition",,not_present,,not_present,,not_present,,,,,,,,,
norman2013the3,book,"Norman, D. A.",2013,"The Design of Everyday Things, revised edition",,not_present,,not_present,,not_present,,,,,,,,,norman2013the4
opensciencecollaboration2015,article,Open Science Collaboration.,2015,Estimating the reproducibility of psychological science,,not_present,,not_present,,not_present,349,6251,,,,,,,
oulasvirta2022,article,"Oulasvirta, A., Jokinen, J. P. P., & Howes, A.",2022,Computational rationality as a theory of interaction,10.1145/3491102.3517739,syntax_valid_authority_unresolved,,not_present,,not_present,,,1-14,,,https://doi.org/10.1145/3491102.3517739,,,oulasvirta2022computational2 | oulasvirta2022computational
oulasvirta2018,article,"Oulasvirta, A., Kristensson, P. O., Bi, X., & Howes, A. (Eds.).",2018,Computational interaction,,not_present,,not_present,,not_present,,,,,,,,,
palmer1978,article,"Palmer, S. E.",1978,Fundamental aspects of cognitive representation,,not_present,,not_present,,not_present,,,1931-1958,,,,,,
pan2010,article,"Pan, S. J., & Yang, Q.",2010,A survey on transfer learning,,not_present,,not_present,,not_present,22,10,1345-1359,,,,,,
parasuraman2000,article,"Parasuraman, R., Sheridan, T. B., & Wickens, C. D.",2000,A model for types and levels of human interaction with automation,,not_present,,not_present,,not_present,30,3,286-297,,,,,,
park1981,article,"Park, D.",1981,Concurrency and automata on infinite sequences,,not_present,,not_present,,not_present,,,,,,,,,park1981concurrency
pearl2000,book,"Pearl, J.",2000,Causality,,not_present,,not_present,,not_present,,,,,,,,,
pearl2009,book,"Pearl, J.",2009,"Causality, 2nd ed",,not_present,,not_present,,not_present,,,,,,,,,
pearl2009causality,book,"Pearl, J.",2009,"Causality: Models, Reasoning, and Inference (2nd ed.)",,not_present,,not_present,,not_present,,,,,,,,,
pearl2012,article,"Pearl, J.",2012,The Do-Calculus Revisited,,not_present,,not_present,,not_present,,,,,,,,,
pirolli1999,article,"Pirolli, P., & Card, S.",1999,Information foraging,,not_present,,not_present,,not_present,106,4,643-675,,,,,,
popper1959,article,"Popper, K. R.",1959,The logic of scientific discovery,,not_present,,not_present,,not_present,,,,,,,,,
preece2015,article,"Preece, J., Rogers, Y., & Sharp, H.",2015,Interaction Design: Beyond Human-Computer Interaction,,not_present,,not_present,,not_present,,,,,,,,,
ramadge1987,article,"Ramadge, P. J., & Wonham, W. M.",1987,Supervisory control of a class of discrete event processes,,not_present,,not_present,,not_present,25,1,206-230,,,,,,
rao1995,article,"Rao, A. S., & Georgeff, M. P.",1995,BDI agents: From theory to practice,,not_present,,not_present,,not_present,,,,,,,,,
rasmussen1983,article,"Rasmussen, J.",1983,"Skills, rules, and knowledge; signals, signs, and symbols, and other distinctions in human performance models",,not_present,,not_present,,not_present,13,3,257-266,,,,,,
reason1990,article,"Reason, J.",1990,Human Error,,not_present,,not_present,,not_present,,,,,,,,,
reeves2015,article,"Reeves, S.",2015,Human-computer interaction as science,,not_present,,not_present,,not_present,,,73-84,,,,,,reeves2015humancomputer
reisig2013,article,"Reisig, W.",2013,Understanding Petri Nets,,not_present,,not_present,,not_present,,,,,,,,,
rheinberger1997,article,"Rheinberger, H.-J.",1997,Toward a history of epistemic things,,not_present,,not_present,,not_present,,,,,,,,,
roast2001,article,"Roast, C., Roes, C., Wong, A., & Young, R. M.",2001,Cognitive dimensions of notations: Design tools for cognitive technology,,not_present,,not_present,,not_present,,,,,,,,,
rogers2011,article,"Rogers, Y., Sharp, H., & Preece, J.",2011,Interaction design: Beyond human-computer interaction (3rd ed.),,not_present,,not_present,,not_present,,,,,,,,,
rosenbaum2020,book,"Rosenbaum, P. R.",2020,Design of Observational Studies (2nd ed.),,not_present,,not_present,,not_present,,,,,,,,,
rosenblueth1943,article,"Rosenblueth, A., Wiener, N., & Bigelow, J.",1943,"Behavior, purpose and teleology",,not_present,,not_present,,not_present,,,18-24,,,,,,
rosenfeld2015,article,"Rosenfeld, L., Morville, P., & Arango, J.",2015,Information architecture: For the web and beyond (4th ed.),,not_present,,not_present,,not_present,,,,,,,,,
rothenberg1989,article,"Rothenberg, J.",1989,The nature of modeling,,not_present,,not_present,,not_present,,,,,,,,,
roy1991,article,"Roy, B.",1991,The outranking approach and the foundations of ELECTRE methods,,not_present,,not_present,,not_present,,,49-73,,,,,,
ryle1949,article,"Ryle, G.",1949,The Concept of Mind,,not_present,,not_present,,not_present,,,,,,,,,
sacks1974,article,"Sacks, H., Schegloff, E. A., & Jefferson, G.",1974,A simplest systematics for the organization of turn-taking for conversation,,not_present,,not_present,,not_present,50,4,696-735,,,,,,
sakoe1978,article,"Sakoe, H., & Chiba, S.",1978,Dynamic programming algorithm optimization for spoken word recognition,,not_present,,not_present,,not_present,26,1,43-49,,,,,,
salmon1984,article,"Salmon, W. C.",1984,Scientific explanation and the causal structure of the world,,not_present,,not_present,,not_present,,,,,,,,,
sandhu1996,article,"Sandhu, R. S., Coyne, E. J., Feinstein, H. L., & Youman, C. E.",1996,Role-based access control models,,not_present,,not_present,,not_present,29,2,38-47,,,,,,
sanfeliu1983,article,"Sanfeliu, A., & Fu, K. S.",1983,A distance measure between attributed relational graphs for pattern recognition,,not_present,,not_present,,not_present,13,3,353-362,,,,,,
sauro2016,article,"Sauro, J., & Lewis, J. R.",2016,Quantifying the User Experience,,not_present,,not_present,,not_present,,,,,,,,,
saussure1983,article,"Saussure, F. de.",1983,Course in general linguistics,,not_present,,not_present,,not_present,,,,,,,,,
scott1971,article,"Scott, D., & Strachey, C.",1971,Toward a Mathematical Semantics for Computer Languages,,not_present,,not_present,,not_present,,,,,,,,,
searle1980,article,"Searle, J. R.",1980,"Minds, brains, and programs",,not_present,,not_present,,not_present,,,417-457,,,,,,
sen2016,article,"Sen, M., & Wasow, O.",2016,Race as a bundle of sticks: Designs that estimate effects of seemingly immutable characteristics,10.1146/annurev-polisci-032015-,syntax_valid_authority_unresolved,,not_present,,not_present,,,499-522,,,https://doi.org/10.1146/annurev-polisci-032015-,,,
shannon1948a,article,"Shannon, C. E.",1948,A mathematical theory of communication,,not_present,,not_present,,not_present,,,379-423,,,,,,shannon1948
shepard1987,article,"Shepard, R. N.",1987,Toward a universal law of generalization for psychological science,,not_present,,not_present,,not_present,,,1317-1323,,,,,,
shimojima2015,article,"Shimojima, A.",2015,Semantic properties of diagrams and their cognitive potentials,,not_present,,not_present,,not_present,,,,,,,,,
shmueli2010,article,"Shmueli, G.",2010,"To Explain or to Predict? Statistical Science, 25(3), 289-310",,not_present,,not_present,,not_present,25,3,289-310,,,,,,
shneiderman1983,article,"Shneiderman, B.",1983,Direct manipulation: A step beyond programming languages,,not_present,,not_present,,not_present,16,8,57-69,,,,,,
simon1955,article,"Simon, H. A.",1955,A behavioral model of rational choice,,not_present,,not_present,,not_present,69,1,99-118,,,,,,simon1955a
simon1962,article,"Simon, H. A.",1962,The architecture of complexity,,not_present,,not_present,,not_present,106,6,467-482,,,,,,
simon1996,article,"Simon, H. A.",1996,The sciences of the artificial (3rd ed.),,not_present,,not_present,,not_present,,,,,,,,,
singley1989,article,"Singley, M. K., & Anderson, J. R.",1989,The Transfer of Cognitive Skill,,not_present,,not_present,,not_present,,,,,,,,,
skinner1938,article,"Skinner, B. F.",1938,The Behavior of Organisms,,not_present,,not_present,,not_present,,,,,,,,,
spence2007,article,"Spence, R.",2007,Information visualization: Design for interaction (2nd ed.),,not_present,,not_present,,not_present,,,,,,,,,
stevens1946,article,"Stevens, S. S.",1946,On the theory of scales of measurement,,not_present,,not_present,,not_present,103,2684,677-680,,,,,,stevens1946on
stichweh1992,article,"Stichweh, R.",1992,The sociology of scientific disciplines,,not_present,,not_present,,not_present,,,3-15,,,,,,
stoffregen2003,article,"Stoffregen, T. A.",2003,Affordances as properties of the animal-environment system,,not_present,,not_present,,not_present,15,2,115-134,,,,,,
suchman1987,book,"Suchman, L. A.",1987,Plans and Situated Actions,,not_present,,not_present,,not_present,,,,,,,,,suchman1987plans | suchman1987plans2 | suchman1987plans3 | suchman1987plans4
suchman1987plans5,book,"Suchman, L. A.",1987,Plans and situated actions: The problem of human-machine communication,,not_present,,not_present,,not_present,,,,,,,,,
suppes1989,article,"Suppes, P., Krantz, D. H., Luce, R. D., & Tversky, A.",1989,"Foundations of Measurement, Vol",,not_present,,not_present,,not_present,,,,,,,,,
suppes1963,article,"Suppes, P., & Zinnes, J. L.",1963,Basic measurement theory,,not_present,,not_present,,not_present,,,,,,,,,
sutton2018,book,"Sutton, R. S., & Barto, A. G.",2018,Reinforcement Learning: An Introduction (2nd ed.),,not_present,,not_present,,not_present,,,,,,,,,sutton2018reinforcement
sutton1999,article,"Sutton, R. S., Precup, D., & Singh, S.",1999,Between MDPs and semi-MDPs: A framework for temporal abstraction in reinforcement learning,,not_present,,not_present,,not_present,,,181-211,,,,,,
syring2019,article,"Syring, A. F., Tax, N., & van der Aalst, W. M. P.",2019,Evaluating conformance measures in process mining using conformance propositions,,not_present,,not_present,,not_present,,,,,,,,,
tarski1944,article,"Tarski, A.",1944,The semantic conception of truth and the foundations of semantics,,not_present,,not_present,,not_present,,,341-376,,,,,,
taylor1994,article,"Taylor, B. N., & Kuyatt, C. E.",1994,Guidelines for Evaluating and Expressing the Uncertainty of NIST Measurement Results,,not_present,,not_present,,not_present,,,,,,,,,
taylor2009,article,"Taylor, M. E., & Stone, P.",2009,Transfer learning for reinforcement learning domains: A survey,,not_present,,not_present,,not_present,,,1633-1685,,,,,,
thelen1994,article,"Thelen, E., & Smith, L. B.",1994,A dynamic systems approach to the development of cognition and action,,not_present,,not_present,,not_present,,,,,,,,,
thorndike1901,article,"Thorndike, E. L., & Woodworth, R. S.",1901,The influence of improvement in one mental function upon the efficiency of other functions,,not_present,,not_present,,not_present,,,,,,,,,
thorndike1949,article,"Thorndike, R. L.",1949,Personnel Selection: Test and Measurement Techniques,,not_present,,not_present,,not_present,,,,,,,,,
tinbergen1963on,article,"Tinbergen, N.",1963,On aims and methods of ethology,,not_present,,not_present,,not_present,,,410-433,,,,,,tinbergen1963
treisman1980,article,"Treisman, A. M., & Gelade, G.",1980,A feature-integration theory of attention,,not_present,,not_present,,not_present,12,1,97-136,,,,,,
tufte1983,article,"Tufte, E. R.",1983,The visual display of quantitative information,,not_present,,not_present,,not_present,,,,,,,,,
turvey1992,article,"Turvey, M. T.",1992,Affordances and prospective control: An outline of the ontology,,not_present,,not_present,,not_present,4,3,173-187,,,,,,
tversky1977,article,"Tversky, A.",1977,Features of similarity,,not_present,,not_present,,not_present,84,4,327-352,,,,,,
vanderaalst1998,article,"van der Aalst, W. M. P.",1998,The application of Petri nets to workflow management,,not_present,,not_present,,not_present,8,1,21-66,,,,,,
vanderaalst2016process,article,"van der Aalst, W. M. P.",2016,Process Mining: Data Science in Action,,not_present,,not_present,,not_present,,,,,,,,,
vanderaalst2016,article,"van der Aalst, W. M. P.",2016,Process Mining: Data Science in Action (2nd ed.),,not_present,,not_present,,not_present,,,,,,,,,
vanglabbeek1990,article,"van Glabbeek, R. J.",1990,The linear time-branching time spectrum,,not_present,,not_present,,not_present,,,,,,,,,vanglabbeek1990the
vanderweele2014,article,"VanderWeele, T. J., & Robinson, W. R.",2014,On the causal interpretation of race in regressions adjusting for confounding and mediating variables,10.1097/EDE.0000000000000105,syntax_valid_authority_unresolved,,not_present,,not_present,25,4,473-484,,,https://doi.org/10.1097/EDE.0000000000000105,,,
varela1991,article,"Varela, F. J., Thompson, E., & Rosch, E.",1991,The embodied mind,,not_present,,not_present,,not_present,,,,,,,,,
vicente1999,article,"Vicente, K. J.",1999,"Cognitive work analysis: Toward safe, productive, and healthy computer-based work",,not_present,,not_present,,not_present,,,,,,,,,
vonwright1971,article,"von Wright, G. H.",1971,Explanation and Understanding,,not_present,,not_present,,not_present,,,,,,,,,
wc2012,article,W3C.,2012,"OWL 2 Web Ontology Language: Structural Specification and Functional-Style Syntax, Second Edition",,not_present,,not_present,,not_present,,,,,,,,,
wc2023,article,W3C.,2023,Web Content Accessibility Guidelines (WCAG) 2.2,,not_present,,not_present,,not_present,,,,,,,,,wc2023web
ware2012information,article,"Ware, C.",2012,Information Visualization: Perception for Design,,not_present,,not_present,,not_present,,,,,,,,,
ware2012,article,"Ware, C.",2012,Information visualization: Perception for design (3rd ed.),,not_present,,not_present,,not_present,,,,,,,,,
wegner1997,article,"Wegner, P.",1997,Why interaction is more powerful than algorithms,,not_present,,not_present,,not_present,40,5,80-91,,,,,,
wiener1948,article,"Wiener, N.",1948,Cybernetics,,not_present,,not_present,,not_present,,,,,,,,,wiener1948cybernetics
wiener1948cybernetics2,article,"Wiener, N.",1948,Cybernetics: Or control and communication in the animal and the machine,,not_present,,not_present,,not_present,,,,,,,,,wiener1948cybernetics3 | wiener1948cybernetics4
wimsatt2007,article,"Wimsatt, W. C.",2007,Re-engineering philosophy for limited beings,,not_present,,not_present,,not_present,,,,,,,,,
winograd1986,article,"Winograd, T., & Flores, F.",1986,Understanding computers and cognition,,not_present,,not_present,,not_present,,,,,,,,,winograd1986understanding
winskel1987,article,"Winskel, G.",1987,Event structures,,not_present,,not_present,,not_present,,,,,,,,,winskel1987event
wittgenstein1953,article,"Wittgenstein, L.",1953,Philosophical Investigations,,not_present,,not_present,,not_present,,,,,,,,,
wobbrock2011,article,"Wobbrock, J. O., Findlater, L., Gergle, D., & Higgins, J. J.",2011,The aligned rank transform for nonparametric factorial analyses,,not_present,,not_present,,not_present,,,,,,,,,
woodward2003,article,"Woodward, J.",2003,Making things happen,,not_present,,not_present,,not_present,,,,,,,,,
woodward2003making,article,"Woodward, J.",2003,Making things happen: A theory of causal explanation,,not_present,,not_present,,not_present,,,,,,,,,
wooldridge1995,article,"Wooldridge, M., & Jennings, N. R.",1995,Intelligent agents: Theory and practice,,not_present,,not_present,,not_present,10,2,115-152,,,,,,
yarkoni2017,article,"Yarkoni, T., & Westfall, J.",2017,Choosing Prediction Over Explanation in Psychology: Lessons From Machine Learning,,not_present,,not_present,,not_present,12,6,1100-1122,,,,,,
zhang1994,article,"Zhang, J., & Norman, D. A.",1994,Representations in distributed cognitive tasks,,not_present,,not_present,,not_present,18,1,87-122,,,,,,zhang1994representations
