key,type,author,title,year,journal,publisher,volume,number,pages,doi,doi_status,isbn,isbn_status,url,metadata_status,duplicate_group,note
abate2017,article,"Abate, A., Bacci, G., Bacci, G., & Larsen, K. G.",On the relationship between bisimulation and trace equivalence in an approximate probabilistic context,2017,,,,,,,missing,,missing/not-applicable,,complete-core,,On the relationship between bisimulation and trace equivalence in an approximate probabilistic context.
abbott2001,article,"Abbott, A.",Chaos of disciplines,2001,,,,,,,missing,,missing/not-applicable,,complete-core,,Chaos of disciplines. University of Chicago Press.
abramsky2013,article,"Abramsky, S.",Semantics of interaction,2013,,,,,,,missing,,missing/not-applicable,,complete-core,,Semantics of interaction. arXiv:1312.0121.
alur2002,article,"Alur, R., Henzinger, T. A., & Kupferman, O.",Alternating-time temporal logic,2002,,,49,5,672-713,,missing,,missing/not-applicable,,complete-core,,"Alternating-time temporal logic. Journal of the ACM, 49(5), 672-713."
americanchemicalsociety2026,article,American Chemical Society.,Chemistry is everywhere: What is chemistry? American Psychological Association,2026,,,,,,,missing,,missing/not-applicable,,complete-core,,Chemistry is everywhere: What is chemistry? American Psychological Association. (n.d.). Psychology. APA Dictionary of Psychology.
anderson1982,article,"Anderson, J. R.",Acquisition of cognitive skill,1982,,,,,369-406,,missing,,missing/not-applicable,,complete-core,,"Acquisition of cognitive skill. Psychological Review, 89, 369-406."
anderson2007,article,"Anderson, J. R.",How Can the Human Mind Occur in the Physical Universe? Oxford University Press,2007,,,,,,,missing,,missing/not-applicable,,complete-core,,How Can the Human Mind Occur in the Physical Universe? Oxford University Press.
angelopoulos2021,book,"Angelopoulos, A. N., & Bates, S.",A Gentle Introduction to Conformal Prediction and Distribution-Free Uncertainty Quantification,2021,,,,,,,missing,,missing/not-applicable,,complete-core,,A Gentle Introduction to Conformal Prediction and Distribution-Free Uncertainty Quantification. arXiv:2107.07511.
ashby1956,book,"Ashby, W. R.",An Introduction to Cybernetics,1956,,,,,,,missing,,missing/not-applicable,,complete-core,DUP-0004,An Introduction to Cybernetics.
ashby1956an,book,"Ashby, W. R.",An introduction to cybernetics,1956,,,,,,,missing,,missing/not-applicable,,complete-core,DUP-0004,An introduction to cybernetics. Chapman & Hall.
bacon2017,article,"Bacon, P.-L., Harb, J., & Precup, D.",The option-critic architecture,2017,,,,,,,missing,,missing/not-applicable,,complete-core,,The option-critic architecture. Proceedings of AAAI.
baez2010,article,"Baez, J. C., & Stay, M.","Physics, topology, logic and computation: A Rosetta Stone",2010,,,,,,,missing,,missing/not-applicable,,complete-core,,"Physics, topology, logic and computation: A Rosetta Stone. In New Structures for Physics. Springer."
baez2021,article,"Baez, J. C., Genovese, F., Master, J., & Shulman, M.",Categories of nets,2021,,,,,,,missing,,missing/not-applicable,,complete-core,,Categories of nets. arXiv:2101.04238.
bahr2016,article,"Bahr, G. S., & Stary, C.",What is interaction science? Revisiting the aims and scope of JoIS,2016,,,,,016-0015,10.1186/s40166-016-0015-5,present-valid-format,,missing/not-applicable,https://doi.org/10.1186/s40166-016-0015-5,complete-core,,"What is interaction science? Revisiting the aims and scope of JoIS. Journal of Interaction Science, 4, Article 2. https://doi.org/10.1186/s40166-016-0015-5"
baier2008,book,"Baier, C., & Katoen, J.-P.",Principles of Model Checking,2008,,,,,,,missing,,missing/not-applicable,,complete-core,DUP-0021,Principles of Model Checking.
baier2008principles,book,"Baier, C., & Katoen, J.-P.",Principles of Model Checking,2008,,,,,,,missing,,missing/not-applicable,,complete-core,DUP-0021,Principles of Model Checking. MIT Press.
baier2008principles2,book,"Baier, C., & Katoen, J.-P.",Principles of Model Checking,2008,,,,,,,missing,,missing/not-applicable,,complete-core,DUP-0021,Principles of Model Checking. MIT Press. Comparative Interaction | 10
barhillel1953,article,"Bar-Hillel, Y., & Carnap, R.",Semantic information,1953,,,,,147-157,,missing,,missing/not-applicable,,complete-core,,"Semantic information. British Journal for the Philosophy of Science, 4, 147-157."
barnett2002,article,"Barnett, S. M., & Ceci, S. J.",When and where do we apply what we learn? A taxonomy for far transfer,2002,,,128,4,612-637,,missing,,missing/not-applicable,,complete-core,,"When and where do we apply what we learn? A taxonomy for far transfer. Psychological Bulletin, 128(4), 612-637."
bateson1972,article,"Bateson, G.",Steps to an Ecology of Mind,1972,,,,,,,missing,,missing/not-applicable,,complete-core,,Steps to an Ecology of Mind. Chandler.
beach1999,article,"Beach, K.",Consequential transitions: A sociocultural expedition beyond transfer in education,1999,,,,,101-139,,missing,,missing/not-applicable,,complete-core,,"Consequential transitions: A sociocultural expedition beyond transfer in education. Review of Research in Education, 24, 101-139."
beer1995,article,"Beer, R. D.",A dynamical systems perspective on agent-environment interaction,1995,,,,,173-215,,missing,,missing/not-applicable,,complete-core,,"A dynamical systems perspective on agent-environment interaction. Artificial Intelligence, 72, 173-215."
bell1973,article,"Bell, D. E., & LaPadula, L. J.",Secure Computer Systems: Mathematical Foundations,1973,,,,,,,missing,,missing/not-applicable,,complete-core,,Secure Computer Systems: Mathematical Foundations. MITRE.
belton2002,article,"Belton, V., & Stewart, T. J.",Multiple Criteria Decision Analysis: An Integrated Approach,2002,,,,,,,missing,,missing/not-applicable,,complete-core,,Multiple Criteria Decision Analysis: An Integrated Approach. Kluwer.
bertalanffy1968,article,"Bertalanffy, L. von.",General system theory,1968,,,,,,,missing,,missing/not-applicable,,complete-core,,General system theory. George Braziller.
bertalanffy1968general,article,"Bertalanffy, L. von.","General system theory: Foundations, development, applications",1968,,,,,,,missing,,missing/not-applicable,,complete-core,DUP-0013,"General system theory: Foundations, development, applications. George Braziller."
blackwell2015,article,"Blackwell, A. F.",HCI as an inter-discipline,2015,,,,,503-516,10.1145/2702613.2732505,present-valid-format,,missing/not-applicable,https://doi.org/10.1145/2702613.2732505,complete-core,,HCI as an inter-discipline. In Proceedings of the 33rd Annual ACM Conference Extended Abstracts on Human Factors in Computing Systems (pp. 503-516). ACM. https://doi.org/10.1145/2702613.2732505
blunden2015,article,"Blunden, A.",Engeström's activity theory and social theory [Critical essay],2015,,,,,,,missing,,missing/not-applicable,,complete-core,,Engeström's activity theory and social theory [Critical essay].
bohannon2006,article,"Bohannon, A., Pierce, B. C., & Vaughan, J. A.",Relational lenses: A language for updatable views,2006,,,,,,,missing,,missing/not-applicable,,complete-core,,Relational lenses: A language for updatable views. PODS.
borko1968,article,"Borko, H.","Information science: What is it? American Documentation, 19(1), 3-5",1968,,,19,1,3-5,10.1002/asi.5090190103,present-valid-format,,missing/not-applicable,https://doi.org/10.1002/asi.5090190103,complete-core,,"Information science: What is it? American Documentation, 19(1), 3-5. https://doi.org/10.1002/asi.5090190103"
borst1997,article,"Borst, W. N.",Construction of Engineering Ontologies for Knowledge Sharing and Reuse,1997,,,,,,,missing,,missing/not-applicable,,complete-core,,Construction of Engineering Ontologies for Knowledge Sharing and Reuse. University of Twente.
boyd1991,article,"Boyd, R.","Realism, anti-foundationalism and the enthusiasm for natural kinds",1991,,,,,127-148,,missing,,missing/not-applicable,,complete-core,,"Realism, anti-foundationalism and the enthusiasm for natural kinds. Philosophical Studies, 61, 127-148."
bransford2000,article,"Bransford, J. D., Brown, A. L., & Cocking, R. R. (Eds.).",How People Learn,2000,,,,,,,missing,,missing/not-applicable,,complete-core,,How People Learn. National Academies Press.
bratman1987,article,"Bratman, M. E.","Intention, Plans, and Practical Reason",1987,,,,,,,missing,,missing/not-applicable,,complete-core,,"Intention, Plans, and Practical Reason. Harvard University Press."
brennan2001,article,"Brennan, R. L.",Generalizability Theory,2001,,,,,,,missing,,missing/not-applicable,,complete-core,,Generalizability Theory. Springer.
brooke1996,article,"Brooke, J.",SUS: A quick and dirty usability scale,1996,,,,,,,missing,,missing/not-applicable,,complete-core,,SUS: A quick and dirty usability scale. In Usability Evaluation in Industry.
bunke1997,article,"Bunke, H.",On a relation between graph edit distance and maximum common subgraph,1997,,,,,689-694,,missing,,missing/not-applicable,,complete-core,,"On a relation between graph edit distance and maximum common subgraph. Pattern Recognition Letters, 18, 689-694."
campbell1959,article,"Campbell, D. T., & Fiske, D. W.",Convergent and discriminant validation by the multitrait-multimethod matrix,1959,,,56,2,81-105,,missing,,missing/not-applicable,,complete-core,,"Convergent and discriminant validation by the multitrait-multimethod matrix. Psychological Bulletin, 56(2), 81-105."
card1986,article,"Card, S. K.",The Model Human Processor: A Model for Making Engineering Calculations of Human Performance,1986,,,,,,,missing,,missing/not-applicable,,complete-core,,The Model Human Processor: A Model for Making Engineering Calculations of Human Performance. Proceedings of the Human Factors Society.
card1999,article,"Card, S. K., Mackinlay, J. D., & Shneiderman, B. (Eds.).",Readings in information visualization,1999,,,,,,,missing,,missing/not-applicable,,complete-core,,Readings in information visualization. Morgan Kaufmann.
card1983,book,"Card, S. K., Moran, T. P., & Newell, A.",The Psychology of Human-Computer Interaction,1983,,,,,,,missing,,missing/not-applicable,,complete-core,DUP-0031,The Psychology of Human-Computer Interaction.
card1983the,book,"Card, S. K., Moran, T. P., & Newell, A.",The Psychology of Human-Computer Interaction,1983,,,,,,,missing,,missing/not-applicable,,complete-core,DUP-0031,The Psychology of Human-Computer Interaction. Erlbaum.
card1983the2,book,"Card, S. K., Moran, T. P., & Newell, A.",The psychology of human-computer interaction,1983,,,,,,,missing,,missing/not-applicable,,complete-core,DUP-0031,The psychology of human-computer interaction. Lawrence Erlbaum Associates.
card1983the3,book,"Card, S. K., Moran, T. P., & Newell, A.",The Psychology of Human-Computer Interaction,1983,,,,,,,missing,,missing/not-applicable,,complete-core,DUP-0031,The Psychology of Human-Computer Interaction. Lawrence Erlbaum.
cartwright1983,article,"Cartwright, N.",How the laws of physics lie,1983,,,,,,,missing,,missing/not-applicable,,complete-core,,How the laws of physics lie. Oxford University Press.
cartwright1989,article,"Cartwright, N.",Nature's capacities and their measurement,1989,,,,,,,missing,,missing/not-applicable,,complete-core,,Nature's capacities and their measurement. Oxford University Press.
cassandras2008,book,"Cassandras, C. G., & Lafortune, S.",Introduction to Discrete Event Systems (2nd ed.),2008,,,,,,,missing,,missing/not-applicable,,complete-core,,Introduction to Discrete Event Systems (2nd ed.). Springer.
chemero2003,article,"Chemero, A.",An outline of a theory of affordances,2003,,,15,2,181-195,,missing,,missing/not-applicable,,complete-core,,"An outline of a theory of affordances. Ecological Psychology, 15(2), 181-195."
chemero2009,article,"Chemero, A.",Radical embodied cognitive science,2009,,,,,,,missing,,missing/not-applicable,,complete-core,,Radical embodied cognitive science. MIT Press.
clark1998,article,"Clark, A., & Chalmers, D.",The extended mind,1998,,,58,1,7-19,,missing,,missing/not-applicable,,complete-core,,"The extended mind. Analysis, 58(1), 7-19."
clark1996,article,"Clark, H. H.",Using language,1996,,,,,,,missing,,missing/not-applicable,,complete-core,,Using language. Cambridge University Press.
clark1991,article,"Clark, H. H., & Brennan, S. E.",Grounding in communication,1991,,,,,127-149,,missing,,missing/not-applicable,,complete-core,,"Grounding in communication. In L. B. Resnick, J. M. Levine, & S. D. Teasley (Eds.), Perspectives on socially shared cognition (pp. 127-149). American Psychological Association."
clarke1999,article,"Clarke, E. M., Grumberg, O., & Peled, D. A.",Model Checking,1999,,,,,,,missing,,missing/not-applicable,,complete-core,,Model Checking. MIT Press.
cleveland1984,article,"Cleveland, W. S., & McGill, R.","Graphical perception: Theory, experimentation, and application to the development of graphical methods",1984,,,79,387,531-554,,missing,,missing/not-applicable,,complete-core,,"Graphical perception: Theory, experimentation, and application to the development of graphical methods. Journal of the American Statistical Association, 79(387), 531-554."
codd1970,article,"Codd, E. F.",A relational model of data for large shared data banks,1970,,,,,377-387,,missing,,missing/not-applicable,,complete-core,,"A relational model of data for large shared data banks. Communications of the ACM, 13, 377-387."
cohen1990,article,"Cohen, P. R., & Levesque, H. J.",Intention is choice with commitment,1990,,,,,2-3,,missing,,missing/not-applicable,,complete-core,,"Intention is choice with commitment. Artificial Intelligence, 42(2-3), 213- 261."
cook1979,article,"Cook, T. D., & Campbell, D. T.",Quasi-Experimentation,1979,,,,,,,missing,,missing/not-applicable,,complete-core,,Quasi-Experimentation. Houghton Mifflin.
cousot1977,article,"Cousot, P., & Cousot, R.",Abstract interpretation: A unified lattice model for static analysis of programs by construction or approximation of fixpoints,1977,,,,,238-252,,missing,,missing/not-applicable,,complete-core,,"Abstract interpretation: A unified lattice model for static analysis of programs by construction or approximation of fixpoints. POPL, 238-252."
cousot1977abstract,article,"Cousot, P., & Cousot, R.",Abstract interpretation: A unified lattice model for static analysis,1977,,,,,,,missing,,missing/not-applicable,,complete-core,,Abstract interpretation: A unified lattice model for static analysis.
craver2007,article,"Craver, C. F.",Explaining the brain,2007,,,,,,,missing,,missing/not-applicable,,complete-core,,Explaining the brain. Oxford University Press.
cronbach1955,article,"Cronbach, L. J., & Meehl, P. E.",Construct validity in psychological tests,1955,,,52,4,281-302,,missing,,missing/not-applicable,,complete-core,,"Construct validity in psychological tests. Psychological Bulletin, 52(4), 281-302."
daston2000,article,"Daston, L. (Ed.).",Biographies of scientific objects,2000,,,,,,,missing,,missing/not-applicable,,complete-core,,Biographies of scientific objects. University of Chicago Press.
daston2007,article,"Daston, L., & Galison, P.",Objectivity,2007,,,,,,,missing,,missing/not-applicable,,complete-core,,Objectivity. Zone Books.
davidson1980,article,"Davidson, D.",Essays on Actions and Events,1980,,,,,,,missing,,missing/not-applicable,,complete-core,,Essays on Actions and Events. Oxford University Press.
desouza2005,article,"de Souza, C. S.",The semiotic engineering of human-computer interaction,2005,,,,,,,missing,,missing/not-applicable,,complete-core,,The semiotic engineering of human-computer interaction. MIT Press.
dewey1896,article,"Dewey, J.",The reflex arc concept in psychology,1896,,,,,357-370,,missing,,missing/not-applicable,,complete-core,,"The reflex arc concept in psychology. Psychological Review, 3, 357-370."
dey2001,article,"Dey, A. K.",Understanding and using context,2001,,,,,4-7,,missing,,missing/not-applicable,,complete-core,,"Understanding and using context. Personal and Ubiquitous Computing, 5, 4-7."
dourish2001,article,"Dourish, P.",Where the Action Is: The Foundations of Embodied Interaction,2001,,,,,,,missing,,missing/not-applicable,,complete-core,DUP-0034,Where the Action Is: The Foundations of Embodied Interaction. MIT Press.
dourish2001where,article,"Dourish, P.",Where the action is: The foundations of embodied interaction,2001,,,,,,,missing,,missing/not-applicable,,complete-core,DUP-0034,Where the action is: The foundations of embodied interaction. MIT Press. Ecological Society of America. (n.d.). What is ecology?
dretske1981,article,"Dretske, F. I.",Knowledge and the Flow of Information,1981,,,,,,,missing,,missing/not-applicable,,complete-core,,Knowledge and the Flow of Information. MIT Press.
dupr1993,article,"Dupré, J.",The disorder of things,1993,,,,,,,missing,,missing/not-applicable,,complete-core,,The disorder of things. Harvard University Press.
eco1976,article,"Eco, U.",A theory of semiotics,1976,,,,,,,missing,,missing/not-applicable,,complete-core,,A theory of semiotics. Indiana University Press.
engelhardt2002,article,"Engelhardt, Y.",The language of graphics,2002,,,,,,,missing,,missing/not-applicable,,complete-core,,"The language of graphics. Institute for Logic, Language and Computation."
engestrom1987,book,"Engestrom, Y.",Learning by Expanding,1987,,,,,,,missing,,missing/not-applicable,,complete-core,DUP-0015,Learning by Expanding.
engestrom1987learning,book,"Engestrom, Y.",Learning by Expanding,1987,,,,,,,missing,,missing/not-applicable,,complete-core,DUP-0015,Learning by Expanding. Orienta-Konsultit.
engestrom1987learning2,book,"Engestrom, Y.",Learning by Expanding: An Activity-Theoretical Approach to Developmental Research,1987,,,,,,,missing,,missing/not-applicable,,complete-core,DUP-0016,Learning by Expanding: An Activity-Theoretical Approach to Developmental Research. Orienta-Konsultit.
engestrm1987,book,"Engeström, Y.",Learning by expanding: An activity-theoretical approach to developmental research,1987,,,,,,,missing,,missing/not-applicable,,complete-core,DUP-0016,Learning by expanding: An activity-theoretical approach to developmental research. Orienta-Konsultit.
ericsson1993,article,"Ericsson, K. A., Krampe, R. T., & Tesch-Romer, C.",The role of deliberate practice in the acquisition of expert performance,1993,,,,,363-406,,missing,,missing/not-applicable,,complete-core,,"The role of deliberate practice in the acquisition of expert performance. Psychological Review, 100, 363-406."
fagin1995,article,"Fagin, R., Halpern, J. Y., Moses, Y., & Vardi, M. Y.",Reasoning About Knowledge,1995,,,,,,,missing,,missing/not-applicable,,complete-core,,Reasoning About Knowledge. MIT Press.
farrell2018,article,"Farrell, S., & Lewandowsky, S.",Computational modeling of cognition and behavior,2018,,,,,,10.1017/9781316272503,present-valid-format,9781316272503,present-valid-checksum,https://doi.org/10.1017/9781316272503,complete-core,,Computational modeling of cognition and behavior. Cambridge University Press. https://doi.org/10.1017/9781316272503
ferraiolo2003,article,"Ferraiolo, D. F., Kuhn, D. R., & Chandramouli, R.",Role-Based Access Control,2003,,,,,,,missing,,missing/not-applicable,,complete-core,,Role-Based Access Control. Artech House.
ferrando2019,article,"Ferrando, A., Winikoff, M., Cranefield, S., Dignum, F., & Mascardi, V.",On the enactability of agent interaction protocols: Toward a unified approach,2019,,,,,,,missing,,missing/not-applicable,,complete-core,,On the enactability of agent interaction protocols: Toward a unified approach. AAMAS.
fidel2012,article,"Fidel, R.",Human information interaction: An ecological approach to information behavior,2012,,,,,,,missing,,missing/not-applicable,,complete-core,,Human information interaction: An ecological approach to information behavior. MIT Press.
fikes1971,article,"Fikes, R. E., & Nilsson, N. J.",STRIPS: A new approach to the application of theorem proving to problem solving,1971,,,,,189-208,,missing,,missing/not-applicable,,complete-core,,"STRIPS: A new approach to the application of theorem proving to problem solving. Artificial Intelligence, 2, 189-208."
fipa2002,article,FIPA.,FIPA Agent Communication Language Specifications and Interaction Protocol Specifications,2002,,,,,,,missing,,missing/not-applicable,,complete-core,,FIPA Agent Communication Language Specifications and Interaction Protocol Specifications.
fitts1954,article,"Fitts, P. M.",The Information Capacity of the Human Motor System in Controlling the Amplitude of Movement,1954,,,47,6,381-391,,missing,,missing/not-applicable,,complete-core,,"The Information Capacity of the Human Motor System in Controlling the Amplitude of Movement. Journal of Experimental Psychology, 47(6), 381-391."
fitts1967,article,"Fitts, P. M., & Posner, M. I.",Human Performance,1967,,,,,,,missing,,missing/not-applicable,,complete-core,,Human Performance. Brooks/Cole.
fleck1979,article,"Fleck, L.",Genesis and development of a scientific fact (original work published 1935),1979,,,,,,,missing,,missing/not-applicable,,complete-core,,Genesis and development of a scientific fact (original work published 1935). University of Chicago Press.
floridi2004,article,"Floridi, L.",Outline of a theory of strongly semantic information,2004,,,,,197-221,,missing,,missing/not-applicable,,complete-core,,"Outline of a theory of strongly semantic information. Minds and Machines, 14, 197-221."
frigg2020,book,"Frigg, R., & Nguyen, J.",Modelling nature: An opinionated introduction to scientific representation,2020,,,,,,,missing,,missing/not-applicable,,complete-core,,Modelling nature: An opinionated introduction to scientific representation. Springer.
garcabauelos2018,article,"García-Bañuelos, L., van Beest, N. R. T. P., Dumas, M., La Rosa, M., & Mertens, W.",Complete and interpretable conformance checking of business processes,2018,,,44,3,262-290,,missing,,missing/not-applicable,,complete-core,,"Complete and interpretable conformance checking of business processes. IEEE Transactions on Software Engineering, 44(3), 262-290."
gaver1991,article,"Gaver, W. W.",Technology affordances,1991,,,,,,,missing,,missing/not-applicable,,complete-core,DUP-0026,Technology affordances. CHI '91.
gaver1991technology,article,"Gaver, W. W.",Technology affordances,1991,,,,,79-84,,missing,,missing/not-applicable,,complete-core,DUP-0026,"Technology affordances. Proceedings of CHI ’91, 79-84."
geertz1973,article,"Geertz, C.",The interpretation of cultures,1973,,,,,,,missing,,missing/not-applicable,,complete-core,,The interpretation of cultures. Basic Books.
gentner1983,article,"Gentner, D.",Structure-mapping: A theoretical framework for analogy,1983,,,,,155-170,,missing,,missing/not-applicable,,complete-core,,"Structure-mapping: A theoretical framework for analogy. Cognitive Science, 7, 155-170."
gershman2015,article,"Gershman, S. J., Horvitz, E. J., & Tenenbaum, J. B.","Computational rationality: A converging paradigm for intelligence in brains, minds, and machines",2015,,,349,6245,273-278,10.1126/science.aac6076,present-valid-format,,missing/not-applicable,https://doi.org/10.1126/science.aac6076,complete-core,,"Computational rationality: A converging paradigm for intelligence in brains, minds, and machines. Science, 349(6245), 273-278. https://doi.org/10.1126/science.aac6076"
gibson1979,article,"Gibson, J. J.",The Ecological Approach to Visual Perception,1979,,,,,,,missing,,missing/not-applicable,,complete-core,DUP-0029,The Ecological Approach to Visual Perception.
gibson1979the,article,"Gibson, J. J.",The Ecological Approach to Visual Perception,1979,,,,,,,missing,,missing/not-applicable,,complete-core,DUP-0029,The Ecological Approach to Visual Perception. Houghton Mifflin.
gibson1979the2,article,"Gibson, J. J.",The Ecological Approach to Visual Perception,1979,,,,,,,missing,,missing/not-applicable,,complete-core,DUP-0029,"The Ecological Approach to Visual Perception. Houghton Mifflin. Norman, D. A. (1988/2013). The Design of Everyday Things. Basic Books."
gick1983,article,"Gick, M. L., & Holyoak, K. J.",Schema induction and analogical transfer,1983,,,,,1-38,,missing,,missing/not-applicable,,complete-core,,"Schema induction and analogical transfer. Cognitive Psychology, 15, 1-38."
giere2006,article,"Giere, R. N.",Scientific perspectivism,2006,,,,,,,missing,,missing/not-applicable,,complete-core,,Scientific perspectivism. University of Chicago Press.
gieryn1983,article,"Gieryn, T. F.",Boundary-work and the demarcation of science from non-science,1983,,,,,781-795,,missing,,missing/not-applicable,,complete-core,,"Boundary-work and the demarcation of science from non-science. American Sociological Review, 48, 781-795."
gigerenzer2011,article,"Gigerenzer, G., & Gaissmaier, W.",Heuristic decision making,2011,,,,,451-482,,missing,,missing/not-applicable,,complete-core,,"Heuristic decision making. Annual Review of Psychology, 62, 451- 482."
goodman1976,article,"Goodman, N.",Languages of art (2nd ed.),1976,,,,,,,missing,,missing/not-applicable,,complete-core,,Languages of art (2nd ed.). Hackett. (Original work published 1968).
goodwin2000,article,"Goodwin, C.",Action and embodiment within situated human interaction,2000,,,32,10,1489-1522,,missing,,missing/not-applicable,,complete-core,,"Action and embodiment within situated human interaction. Journal of Pragmatics, 32(10), 1489-1522."
gower1971,article,"Gower, J. C.",A general coefficient of similarity and some of its properties,1971,,,,,857-871,,missing,,missing/not-applicable,,complete-core,,"A general coefficient of similarity and some of its properties. Biometrics, 27, 857-871."
green1996,article,"Green, T. R. G., & Petre, M.",Usability analysis of visual programming environments: A cognitive dimensions framework,1996,,,,,131-174,,missing,,missing/not-applicable,,complete-core,,"Usability analysis of visual programming environments: A cognitive dimensions framework. Journal of Visual Languages & Computing, 7, 131-174."
greeno1994,article,"Greeno, J. G.",Gibson’s affordances,1994,,,101,2,336-342,,missing,,missing/not-applicable,,complete-core,,"Gibson’s affordances. Psychological Review, 101(2), 336-342."
greeno1993,article,"Greeno, J. G., Smith, D. R., & Moore, J. L.",Transfer of situated learning,1993,,,,,,,missing,,missing/not-applicable,,complete-core,,Transfer of situated learning. In Transfer on Trial.
grice1957,article,"Grice, H. P.",Meaning,1957,,,,,377-388,,missing,,missing/not-applicable,,complete-core,,"Meaning. Philosophical Review, 66, 377-388."
gruber1993,article,"Gruber, T. R.",A translation approach to portable ontology specifications,1993,,,,,,,missing,,missing/not-applicable,,complete-core,DUP-0003,A translation approach to portable ontology specifications.
gruber1993a,article,"Gruber, T. R.",A translation approach to portable ontology specifications,1993,,,,,199-220,,missing,,missing/not-applicable,,complete-core,DUP-0003,"A translation approach to portable ontology specifications. Knowledge Acquisition, 5, 199-220."
guarino1998,article,"Guarino, N.",Formal ontology and information systems,1998,,,,,3-15,,missing,,missing/not-applicable,,complete-core,,"Formal ontology and information systems. In Proceedings of FOIS '98, 3-15."
hacking1983,article,"Hacking, I.",Representing and intervening,1983,,,,,,,missing,,missing/not-applicable,,complete-core,,Representing and intervening. Cambridge University Press.
hacking1999,article,"Hacking, I.",The social construction of what? Harvard University Press,1999,,,,,,,missing,,missing/not-applicable,,complete-core,,The social construction of what? Harvard University Press.
harel1987,article,"Harel, D.",Statecharts: A visual formalism for complex systems,1987,,,,,,,missing,,missing/not-applicable,,complete-core,DUP-0025,Statecharts: A visual formalism for complex systems.
harel1987statecharts,article,"Harel, D.",Statecharts: A visual formalism for complex systems,1987,,,,,231-274,,missing,,missing/not-applicable,,complete-core,DUP-0025,"Statecharts: A visual formalism for complex systems. Science of Computer Programming, 8, 231-274."
hart1988,article,"Hart, S. G., & Staveland, L. E.",Development of NASA-TLX,1988,,,,,,,missing,,missing/not-applicable,,complete-core,,Development of NASA-TLX. In Human Mental Workload.
hartson2003,article,"Hartson, H. R.","Cognitive, physical, sensory, and functional affordances in interaction design",2003,,,22,5,315-338,,missing,,missing/not-applicable,,complete-core,,"Cognitive, physical, sensory, and functional affordances in interaction design. Behaviour & Information Technology, 22(5), 315-338."
hempel1948,article,"Hempel, C. G., & Oppenheim, P.",Studies in the logic of explanation,1948,,,,,135-175,,missing,,missing/not-applicable,,complete-core,,"Studies in the logic of explanation. Philosophy of Science, 15, 135-175."
hick1952,article,"Hick, W. E.",On the Rate of Gain of Information,1952,,,4,1,11-26,,missing,,missing/not-applicable,,complete-core,,"On the Rate of Gain of Information. Quarterly Journal of Experimental Psychology, 4(1), 11- 26."
hoare1985,article,"Hoare, C. A. R.",Communicating Sequential Processes,1985,,,,,,,missing,,missing/not-applicable,,complete-core,DUP-0007,Communicating Sequential Processes. Prentice Hall.
hoare1985communicating,article,"Hoare, C. A. R.",Communicating sequential processes,1985,,,,,,,missing,,missing/not-applicable,,complete-core,DUP-0007,Communicating sequential processes. Prentice Hall. INTERACTION AS A PRIMARY SCIENTIFIC OBJECT
hollan2000,article,"Hollan, J., Hutchins, E., & Kirsh, D.",Distributed cognition: Toward a new foundation for human-computer interaction research,2000,,,7,2,174-196,10.1145/353485.353487,present-valid-format,,missing/not-applicable,https://doi.org/10.1145/353485.353487,complete-core,,"Distributed cognition: Toward a new foundation for human-computer interaction research. ACM Transactions on Computer-Human Interaction, 7(2), 174-196. https://doi.org/10.1145/353485.353487"
hollnagel2005,article,"Hollnagel, E., & Woods, D. D.",Joint cognitive systems: Foundations of cognitive systems engineering,2005,,,,,,,missing,,missing/not-applicable,,complete-core,,Joint cognitive systems: Foundations of cognitive systems engineering. CRC Press.
hornbk2017,article,"Hornbæk, K., & Oulasvirta, A.",What is interaction? In Proceedings of CHI 2017 (pp,2017,,,,,5040-5052,10.1145/3025453.3025765,present-valid-format,,missing/not-applicable,https://doi.org/10.1145/3025453.3025765,complete-core,,What is interaction? In Proceedings of CHI 2017 (pp. 5040-5052). ACM. https://doi.org/10.1145/3025453.3025765
hornbk2017what,article,"Hornbæk, K., & Oulasvirta, A.",What is interaction? In Proceedings of the 2017 CHI Conference on Human Factors in Computing Systems (pp,2017,,,,,5040-5052,10.1145/3025453.3025765,present-valid-format,,missing/not-applicable,https://doi.org/10.1145/3025453.3025765,complete-core,,What is interaction? In Proceedings of the 2017 CHI Conference on Human Factors in Computing Systems (pp. 5040-5052). ACM. https://doi.org/10.1145/3025453.3025765
hornbk2025,book,"Hornbæk, K., Kristensson, P. O., & Oulasvirta, A.",Introduction to human-computer interaction,2025,,,,,,10.1093/oso/9780192864543.001.0001,present-valid-format,9780192864543,present-valid-checksum,https://doi.org/10.1093/oso/9780192864543.001.0001,complete-core,,Introduction to human-computer interaction. Oxford University Press. https://doi.org/10.1093/oso/9780192864543.001.0001
hornbk2019,article,"Hornbæk, K., Mottelson, A., Knibbe, J., & Vogel, D.",What do we mean by “interaction”? An analysis of 35 years of CHI,2019,,,26,4,,10.1145/3325285,present-valid-format,,missing/not-applicable,https://doi.org/10.1145/3325285,complete-core,,"What do we mean by “interaction”? An analysis of 35 years of CHI. ACM Transactions on Computer-Human Interaction, 26(4), Article 27. https://doi.org/10.1145/3325285"
hutchins1995,book,"Hutchins, E.",Cognition in the Wild,1995,,,,,,,missing,,missing/not-applicable,,complete-core,DUP-0005,Cognition in the Wild.
hutchins1995cognition,book,"Hutchins, E.",Cognition in the Wild,1995,,,,,,,missing,,missing/not-applicable,,complete-core,DUP-0005,Cognition in the Wild. MIT Press.
hyman1953,article,"Hyman, R.",Stimulus Information as a Determinant of Reaction Time,1953,,,45,3,188-196,,missing,,missing/not-applicable,,complete-core,,"Stimulus Information as a Determinant of Reaction Time. Journal of Experimental Psychology, 45(3), 188-196."
internationalergonomicsassociation2000,article,International Ergonomics Association.,Definition and domains of ergonomics,2000,,,,,,,missing,,missing/not-applicable,,complete-core,,Definition and domains of ergonomics.
jastrzembski2007,article,"Jastrzembski, T. S., & Charness, N.",The Model Human Processor and the Older Adult: Parameter Estimation and Validation Within a Mobile Phone Task,2007,,,13,4,224-248,,missing,,missing/not-applicable,,complete-core,,"The Model Human Processor and the Older Adult: Parameter Estimation and Validation Within a Mobile Phone Task. Journal of Experimental Psychology: Applied, 13(4), 224-248."
jcgm2008,article,JCGM.,Evaluation of measurement data - Guide to the expression of uncertainty in measurement,2008,,,,,,,missing,,missing/not-applicable,,complete-core,,Evaluation of measurement data - Guide to the expression of uncertainty in measurement.
johnsonlaird1983,article,"Johnson-Laird, P. N.",Mental models,1983,,,,,,,missing,,missing/not-applicable,,complete-core,,Mental models. Harvard University Press.
judd1908,article,"Judd, C. H.",The relation of special training to general intelligence,1908,,,,,,,missing,,missing/not-applicable,,complete-core,,The relation of special training to general intelligence. Educational Review.
kaelbling1998,article,"Kaelbling, L. P., Littman, M. L., & Cassandra, A. R.",Planning and acting in partially observable stochastic domains,1998,,,,,,,missing,,missing/not-applicable,,complete-core,DUP-0019,Planning and acting in partially observable stochastic domains.
kaelbling1998planning,article,"Kaelbling, L. P., Littman, M. L., & Cassandra, A. R.",Planning and acting in partially observable stochastic domains,1998,,,,,99-134,,missing,,missing/not-applicable,,complete-core,DUP-0019,"Planning and acting in partially observable stochastic domains. Artificial Intelligence, 101, 99-134."
kahneman1979,article,"Kahneman, D., & Tversky, A.",Prospect theory: An analysis of decision under risk,1979,,,47,2,263-291,,missing,,missing/not-applicable,,complete-core,DUP-0022,"Prospect theory: An analysis of decision under risk. Econometrica, 47(2), 263- 291."
kahneman1979prospect,article,"Kahneman, D., & Tversky, A.",Prospect theory: An analysis of decision under risk,1979,,,,,263-291,,missing,,missing/not-applicable,,complete-core,DUP-0022,"Prospect theory: An analysis of decision under risk. Econometrica, 47, 263-291."
kalman1960,article,"Kalman, R. E.",Contributions to the theory of optimal control,1960,,,,,102-119,,missing,,missing/not-applicable,,complete-core,,"Contributions to the theory of optimal control. Boletín de la Sociedad Matemática Mexicana, 5, 102-119."
kaptelinin2006,article,"Kaptelinin, V., & Nardi, B. A.",Acting with technology: Activity theory and interaction design,2006,,,,,,,missing,,missing/not-applicable,,complete-core,,Acting with technology: Activity theory and interaction design. MIT Press.
kelso1995,article,"Kelso, J. A. S.",Dynamic patterns: The self-organization of brain and behavior,1995,,,,,,,missing,,missing/not-applicable,,complete-core,,Dynamic patterns: The self-organization of brain and behavior. MIT Press. Linguistic Society of America. (n.d.). Who we are.
kendon1990,article,"Kendon, A.",Conducting Interaction: Patterns of Behavior in Focused Encounters,1990,,,,,,,missing,,missing/not-applicable,,complete-core,,Conducting Interaction: Patterns of Behavior in Focused Encounters. Cambridge University Press.
khetarpal2020,article,"Khetarpal, K., Ahmed, Z., Comanici, G., Abel, D., & Precup, D.",What can I do here? A theory of affordances in reinforcement learning,2020,,,,,,,missing,,missing/not-applicable,,complete-core,,What can I do here? A theory of affordances in reinforcement learning. arXiv:2006.15085.
kirsh2010,article,"Kirsh, D.",Thinking with external representations,2010,,,,,441-454,,missing,,missing/not-applicable,,complete-core,,"Thinking with external representations. AI & Society, 25, 441-454."
kitcher1981,article,"Kitcher, P.",Explanatory unification,1981,,,,,507-531,,missing,,missing/not-applicable,,complete-core,,"Explanatory unification. Philosophy of Science, 48, 507-531."
kolchinsky2018,article,"Kolchinsky, A., & Wolpert, D. H.","Semantic information, autonomous agency, and nonequilibrium statistical physics",2018,,,8,6,,,missing,,missing/not-applicable,,complete-core,,"Semantic information, autonomous agency, and nonequilibrium statistical physics. Interface Focus, 8(6)."
kosslyn1994,article,"Kosslyn, S. M.",Image and brain,1994,,,,,,,missing,,missing/not-applicable,,complete-core,,Image and brain. MIT Press.
krantz1971,article,"Krantz, D. H., Luce, R. D., Suppes, P., & Tversky, A.","Foundations of Measurement, Volume I",1971,,,,,,,missing,,missing/not-applicable,,complete-core,,"Foundations of Measurement, Volume I. Academic Press."
kruskal1978,article,"Kruskal, J. B., & Wish, M.",Multidimensional Scaling,1978,,,,,,,missing,,missing/not-applicable,,complete-core,,Multidimensional Scaling. Sage.
kuhn1970,article,"Kuhn, T. S.",The structure of scientific revolutions (2nd ed.; original work published 1962),1970,,,,,,,missing,,missing/not-applicable,,complete-core,,The structure of scientific revolutions (2nd ed.; original work published 1962). University of Chicago Press.
kuutti1996,article,"Kuutti, K.",Activity theory as a potential framework for human-computer interaction research,1996,,,,,17-44,,missing,,missing/not-applicable,,complete-core,,"Activity theory as a potential framework for human-computer interaction research. In B. A. Nardi (Ed.), Context and consciousness: Activity theory and human-computer interaction (pp. 17-44). MIT Press."
lakatos1978,article,"Lakatos, I.",The methodology of scientific research programmes,1978,,,,,,,missing,,missing/not-applicable,,complete-core,,The methodology of scientific research programmes. Cambridge University Press.
lange2013,article,"Lange, M., Lozes, E., & Vargas Guzman, M.",Model-checking process equivalences,2013,,,,,326-347,,missing,,missing/not-applicable,,complete-core,,"Model-checking process equivalences. Theoretical Computer Science, 560, 326-347."
larkin1987,article,"Larkin, J. H., & Simon, H. A.",Why a diagram is (sometimes) worth ten thousand words,1987,,,11,1,65-100,,missing,,missing/not-applicable,,complete-core,DUP-0035,"Why a diagram is (sometimes) worth ten thousand words. Cognitive Science, 11(1), 65-100."
larkin1987why,article,"Larkin, J. H., & Simon, H. A.",Why a diagram is (sometimes) worth ten thousand words,1987,,,,,65-100,,missing,,missing/not-applicable,,complete-core,DUP-0035,"Why a diagram is (sometimes) worth ten thousand words. Cognitive Science, 11, 65-100."
lave1988,article,"Lave, J.",Cognition in Practice,1988,,,,,,,missing,,missing/not-applicable,,complete-core,,Cognition in Practice. Cambridge University Press.
lave1991,article,"Lave, J., & Wenger, E.",Situated learning: Legitimate peripheral participation,1991,,,,,,10.1017/CBO9780511815355,present-valid-format,9780511815355,present-valid-checksum,https://doi.org/10.1017/CBO9780511815355,complete-core,,Situated learning: Legitimate peripheral participation. Cambridge University Press. https://doi.org/10.1017/CBO9780511815355 INTERACTION AS A SCIENTIFIC EXPLANANDUM
lei2018,article,"Lei, J., G'Sell, M., Rinaldo, A., Tibshirani, R. J., & Wasserman, L.",Distribution-Free Predictive Inference for Regression,2018,,,113,523,1094-1111,,missing,,missing/not-applicable,,complete-core,,"Distribution-Free Predictive Inference for Regression. Journal of the American Statistical Association, 113(523), 1094-1111."
levenshtein1966,article,"Levenshtein, V. I.","Binary codes capable of correcting deletions, insertions, and reversals",1966,,,,,707-710,,missing,,missing/not-applicable,,complete-core,,"Binary codes capable of correcting deletions, insertions, and reversals. Soviet Physics Doklady, 10, 707-710."
logan1988,article,"Logan, G. D.",Toward an instance theory of automatization,1988,,,95,4,492-527,,missing,,missing/not-applicable,,complete-core,,"Toward an instance theory of automatization. Psychological Review, 95(4), 492-527."
lord1968,article,"Lord, F. M., & Novick, M. R.",Statistical Theories of Mental Test Scores,1968,,,,,,,missing,,missing/not-applicable,,complete-core,,Statistical Theories of Mental Test Scores. Addison-Wesley.
luhmann1995,article,"Luhmann, N.",Social Systems,1995,,,,,,,missing,,missing/not-applicable,,complete-core,,Social Systems. Stanford University Press.
lynch1996,article,"Lynch, N. A.",Distributed Algorithms,1996,,,,,,,missing,,missing/not-applicable,,complete-core,,Distributed Algorithms. Morgan Kaufmann.
machamer2000,article,"Machamer, P., Darden, L., & Craver, C. F.",Thinking about mechanisms,2000,,,,,1-25,,missing,,missing/not-applicable,,complete-core,,"Thinking about mechanisms. Philosophy of Science, 67, 1-25."
macmillan2005,article,"Macmillan, N. A., & Creelman, C. D.",Detection Theory: A User's Guide,2005,,,,,,,missing,,missing/not-applicable,,complete-core,,Detection Theory: A User's Guide. Lawrence Erlbaum.
marr1982,article,"Marr, D.",Vision,1982,,,,,,,missing,,missing/not-applicable,,complete-core,,Vision. W. H. Freeman.
maturana2002,article,"Maturana, H. R.","Autopoiesis, structural coupling and cognition",2002,,,,,3-4,,missing,,missing/not-applicable,,complete-core,,"Autopoiesis, structural coupling and cognition. Cybernetics & Human Knowing, 9(3-4), 5-34."
mayr1982,article,"Mayr, E.",The growth of biological thought,1982,,,,,,,missing,,missing/not-applicable,,complete-core,,The growth of biological thought. Harvard University Press.
mead1934,article,"Mead, G. H.","Mind, Self, and Society",1934,,,,,,,missing,,missing/not-applicable,,complete-core,,"Mind, Self, and Society. University of Chicago Press."
messick1995,article,"Messick, S.",Validity of psychological assessment,1995,,,50,9,741-749,,missing,,missing/not-applicable,,complete-core,,"Validity of psychological assessment. American Psychologist, 50(9), 741-749."
millsap2011,article,"Millsap, R. E.",Statistical approaches to measurement invariance,2011,,,,,,,missing,,missing/not-applicable,,complete-core,,Statistical approaches to measurement invariance. Psychology Press.
milner1980,article,"Milner, R.",A Calculus of Communicating Systems,1980,,,,,,,missing,,missing/not-applicable,,complete-core,,A Calculus of Communicating Systems. Springer.
milner1989,article,"Milner, R.",Communication and concurrency,1989,,,,,,,missing,,missing/not-applicable,,complete-core,,Communication and concurrency. Prentice Hall.
morris1938,article,"Morris, C. W.",Foundations of the Theory of Signs,1938,,,,,,,missing,,missing/not-applicable,,complete-core,,Foundations of the Theory of Signs. University of Chicago Press.
murata1989,article,"Murata, T.","Petri nets: Properties, analysis and applications",1989,,,77,4,541-580,,missing,,missing/not-applicable,,complete-core,,"Petri nets: Properties, analysis and applications. Proceedings of the IEEE, 77(4), 541-580."
nationalacademiesofsciences2018,article,"National Academies of Sciences, Engineering, and Medicine.",How People Learn II,2018,,,,,,,missing,,missing/not-applicable,,complete-core,,How People Learn II. National Academies Press.
newell1985,article,"Newell, A., & Card, S. K.",The prospects for psychological science in human-computer interaction,1985,,,1,3,209-242,,missing,,missing/not-applicable,,complete-core,,"The prospects for psychological science in human-computer interaction. Human- Computer Interaction, 1(3), 209-242."
newell1972,article,"Newell, A., & Simon, H. A.",Human Problem Solving,1972,,,,,,,missing,,missing/not-applicable,,complete-core,,Human Problem Solving. Prentice-Hall.
newell1976,article,"Newell, A., & Simon, H. A.",Computer science as empirical inquiry: Symbols and search,1976,,,,,113-126,,missing,,missing/not-applicable,,complete-core,,"Computer science as empirical inquiry: Symbols and search. Communications of the ACM, 19, 113-126."
newell1958,article,"Newell, A., Shaw, J. C., & Simon, H. A.",Elements of a theory of human problem solving,1958,,,,,151-166,,missing,,missing/not-applicable,,complete-core,,"Elements of a theory of human problem solving. Psychological Review, 65, 151-166."
norman1983,article,"Norman, D. A.",Some observations on mental models,1983,,,,,7-14,,missing,,missing/not-applicable,,complete-core,,"Some observations on mental models. In D. Gentner & A. L. Stevens (Eds.), Mental models (pp. 7-14). Lawrence Erlbaum Associates."
norman1986,article,"Norman, D. A.",Cognitive engineering,1986,,,,,,,missing,,missing/not-applicable,,complete-core,DUP-0006,"Cognitive engineering. In D. A. Norman & S. W. Draper (Eds.), User Centered System Design. Erlbaum."
norman1986cognitive,article,"Norman, D. A.",Cognitive engineering,1986,,,,,,,missing,,missing/not-applicable,,complete-core,DUP-0006,Cognitive engineering. In User Centered System Design. Erlbaum.
norman1986cognitive2,article,"Norman, D. A.",Cognitive engineering,1986,,,,,,,missing,,missing/not-applicable,,complete-core,DUP-0006,Cognitive engineering. In User Centered System Design. Lawrence Erlbaum.
norman1988,article,"Norman, D. A.",The psychology of everyday things,1988,,,,,,,missing,,missing/not-applicable,,complete-core,,The psychology of everyday things. Basic Books.
norman2013,book,"Norman, D. A.",The design of everyday things (Rev,2013,,,,,,,missing,,missing/not-applicable,,complete-core,DUP-0027,The design of everyday things (Rev. and expanded ed.). Basic Books.
norman2013the,book,"Norman, D. A.",The design of everyday things (Rev,2013,,,,,,,missing,,missing/not-applicable,,complete-core,DUP-0027,The design of everyday things (Rev. ed.). Basic Books.
norman2013the2,book,"Norman, D. A.","The Design of Everyday Things, revised and expanded edition",2013,,,,,,,missing,,missing/not-applicable,,complete-core,,"The Design of Everyday Things, revised and expanded edition. Basic Books."
norman2013the3,book,"Norman, D. A.","The Design of Everyday Things, revised edition",2013,,,,,,,missing,,missing/not-applicable,,complete-core,DUP-0028,"The Design of Everyday Things, revised edition."
norman2013the4,book,"Norman, D. A.","The Design of Everyday Things, revised edition",2013,,,,,,,missing,,missing/not-applicable,,complete-core,DUP-0028,"The Design of Everyday Things, revised edition. Basic Books."
norman2013the5,book,"Norman, D. A.",The Design of Everyday Things,2013,,,,,,,missing,,missing/not-applicable,,complete-core,,The Design of Everyday Things. Basic Books.
opensciencecollaboration2015,article,Open Science Collaboration.,Estimating the reproducibility of psychological science,2015,,,349,6251,,,missing,,missing/not-applicable,,complete-core,,"Estimating the reproducibility of psychological science. Science, 349(6251). Measurement - Computational Interaction Research"
oulasvirta2022,article,"Oulasvirta, A., Jokinen, J. P. P., & Howes, A.",Computational rationality as a theory of interaction,2022,,,,,1-14,10.1145/3491102.3517739,present-valid-format,,missing/not-applicable,https://doi.org/10.1145/3491102.3517739,complete-core,DUP-0008,Computational rationality as a theory of interaction. In Proceedings of the 2022 CHI Conference on Human Factors in Computing Systems (pp. 1-14). ACM. https://doi.org/10.1145/3491102.3517739
oulasvirta2022computational,article,"Oulasvirta, A., Jokinen, J. P. P., & Howes, A.",Computational rationality as a theory of interaction,2022,,,,,,,missing,,missing/not-applicable,,complete-core,DUP-0008,Computational rationality as a theory of interaction. Proceedings of CHI 2022.
oulasvirta2022computational2,article,"Oulasvirta, A., Jokinen, J. P. P., & Howes, A.",Computational rationality as a theory of interaction,2022,,,,,,10.1145/3491102.3517739,present-valid-format,,missing/not-applicable,https://doi.org/10.1145/3491102.3517739,complete-core,DUP-0008,Computational rationality as a theory of interaction. Proceedings of CHI 2022. ACM. https://doi.org/10.1145/3491102.3517739
oulasvirta2018,article,"Oulasvirta, A., Kristensson, P. O., Bi, X., & Howes, A. (Eds.).",Computational interaction,2018,,,,,,,missing,,missing/not-applicable,,complete-core,,Computational interaction. Oxford University Press.
palmer1978,article,"Palmer, S. E.",Fundamental aspects of cognitive representation,1978,,,,,1931-1958,,missing,,missing/not-applicable,,complete-core,,"Fundamental aspects of cognitive representation. In E. Rosch & B. B. Lloyd (Eds.), Cognition and categorization. Erlbaum. Peirce, C. S. (1931-1958). Collected papers of Charles Sanders Peirce. Harvard University Press."
pan2010,article,"Pan, S. J., & Yang, Q.",A survey on transfer learning,2010,,,22,10,1345-1359,,missing,,missing/not-applicable,,complete-core,,"A survey on transfer learning. IEEE Transactions on Knowledge and Data Engineering, 22(10), 1345-1359."
parasuraman2000,article,"Parasuraman, R., Sheridan, T. B., & Wickens, C. D.",A model for types and levels of human interaction with automation,2000,,,30,3,286-297,,missing,,missing/not-applicable,,complete-core,,"A model for types and levels of human interaction with automation. IEEE Transactions on Systems, Man, and Cybernetics - Part A, 30(3), 286-297."
park1981,article,"Park, D.",Concurrency and automata on infinite sequences,1981,,,,,,,missing,,missing/not-applicable,,complete-core,DUP-0009,Concurrency and automata on infinite sequences. In Theoretical Computer Science. Springer. Page 12 Interaction Similarity
park1981concurrency,article,"Park, D.",Concurrency and automata on infinite sequences,1981,,,,,,,missing,,missing/not-applicable,,complete-core,DUP-0009,Concurrency and automata on infinite sequences. Theoretical Computer Science.
pearl2000,book,"Pearl, J.",Causality,2000,,,,,,,missing,,missing/not-applicable,,complete-core,,Causality. Cambridge University Press.
pearl2009,book,"Pearl, J.","Causality, 2nd ed",2009,,,,,,,missing,,missing/not-applicable,,complete-core,,"Causality, 2nd ed."
pearl2009causality,book,"Pearl, J.","Causality: Models, Reasoning, and Inference (2nd ed.)",2009,,,,,,,missing,,missing/not-applicable,,complete-core,,"Causality: Models, Reasoning, and Inference (2nd ed.). Cambridge University Press."
pearl2012,article,"Pearl, J.",The Do-Calculus Revisited,2012,,,,,,,missing,,missing/not-applicable,,complete-core,,The Do-Calculus Revisited. Proceedings of UAI.
pirolli1999,article,"Pirolli, P., & Card, S.",Information foraging,1999,,,106,4,643-675,,missing,,missing/not-applicable,,complete-core,,"Information foraging. Psychological Review, 106(4), 643-675."
popper1959,article,"Popper, K. R.",The logic of scientific discovery,1959,,,,,,,missing,,missing/not-applicable,,complete-core,,The logic of scientific discovery. Hutchinson.
preece2015,article,"Preece, J., Rogers, Y., & Sharp, H.",Interaction Design: Beyond Human-Computer Interaction,2015,,,,,,,missing,,missing/not-applicable,,complete-core,,Interaction Design: Beyond Human-Computer Interaction. Wiley.
ramadge1987,article,"Ramadge, P. J., & Wonham, W. M.",Supervisory control of a class of discrete event processes,1987,,,25,1,206-230,,missing,,missing/not-applicable,,complete-core,,"Supervisory control of a class of discrete event processes. SIAM Journal on Control and Optimization, 25(1), 206-230."
rao1995,article,"Rao, A. S., & Georgeff, M. P.",BDI agents: From theory to practice,1995,,,,,,,missing,,missing/not-applicable,,complete-core,,BDI agents: From theory to practice. Proceedings of ICMAS.
rasmussen1983,article,"Rasmussen, J.","Skills, rules, and knowledge; signals, signs, and symbols, and other distinctions in human performance models",1983,,,13,3,257-266,,missing,,missing/not-applicable,,complete-core,,"Skills, rules, and knowledge; signals, signs, and symbols, and other distinctions in human performance models. IEEE Transactions on Systems, Man, and Cybernetics, SMC-13(3), 257-266."
reason1990,article,"Reason, J.",Human Error,1990,,,,,,,missing,,missing/not-applicable,,complete-core,,Human Error. Cambridge University Press.
reeves2015,article,"Reeves, S.",Human-computer interaction as science,2015,,,,,73-84,,missing,,missing/not-applicable,,complete-core,DUP-0014,Human-computer interaction as science. In Proceedings of the Fifth Decennial Aarhus Conference on Critical Alternatives (pp. 73-84). Aarhus University Press.
reeves2015humancomputer,article,"Reeves, S.",Human-computer interaction as science,2015,,,,,73-84,,missing,,missing/not-applicable,,complete-core,DUP-0014,"Human-computer interaction as science. Proceedings of the Fifth Decennial Aarhus Conference, 73-84."
reisig2013,article,"Reisig, W.",Understanding Petri Nets,2013,,,,,,,missing,,missing/not-applicable,,complete-core,,Understanding Petri Nets. Springer.
rheinberger1997,article,"Rheinberger, H.-J.",Toward a history of epistemic things,1997,,,,,,,missing,,missing/not-applicable,,complete-core,,Toward a history of epistemic things. Stanford University Press.
roast2001,article,"Roast, C., Roes, C., Wong, A., & Young, R. M.",Cognitive dimensions of notations: Design tools for cognitive technology,2001,,,,,,,missing,,missing/not-applicable,,complete-core,,Cognitive dimensions of notations: Design tools for cognitive technology. In Cognitive Technology.
rogers2011,article,"Rogers, Y., Sharp, H., & Preece, J.",Interaction design: Beyond human-computer interaction (3rd ed.),2011,,,,,,,missing,,missing/not-applicable,,complete-core,,Interaction design: Beyond human-computer interaction (3rd ed.). Wiley.
rosenbaum2020,book,"Rosenbaum, P. R.",Design of Observational Studies (2nd ed.),2020,,,,,,,missing,,missing/not-applicable,,complete-core,,Design of Observational Studies (2nd ed.). Springer.
rosenblueth1943,article,"Rosenblueth, A., Wiener, N., & Bigelow, J.","Behavior, purpose and teleology",1943,,,,,18-24,,missing,,missing/not-applicable,,complete-core,,"Behavior, purpose and teleology. Philosophy of Science, 10, 18-24."
rosenfeld2015,article,"Rosenfeld, L., Morville, P., & Arango, J.",Information architecture: For the web and beyond (4th ed.),2015,,,,,,,missing,,missing/not-applicable,,complete-core,,Information architecture: For the web and beyond (4th ed.). O'Reilly Media.
rothenberg1989,article,"Rothenberg, J.",The nature of modeling,1989,,,,,,,missing,,missing/not-applicable,,complete-core,,"The nature of modeling. In L. E. Widman, K. A. Loparo, & N. R. Nielsen (Eds.), Artificial intelligence, simulation, and modeling. Wiley."
roy1991,article,"Roy, B.",The outranking approach and the foundations of ELECTRE methods,1991,,,,,49-73,,missing,,missing/not-applicable,,complete-core,,"The outranking approach and the foundations of ELECTRE methods. Theory and Decision, 31, 49-73."
ryle1949,article,"Ryle, G.",The Concept of Mind,1949,,,,,,,missing,,missing/not-applicable,,complete-core,,The Concept of Mind. Hutchinson.
sacks1974,article,"Sacks, H., Schegloff, E. A., & Jefferson, G.",A simplest systematics for the organization of turn-taking for conversation,1974,,,50,4,696-735,,missing,,missing/not-applicable,,complete-core,,"A simplest systematics for the organization of turn-taking for conversation. Language, 50(4), 696-735."
sakoe1978,article,"Sakoe, H., & Chiba, S.",Dynamic programming algorithm optimization for spoken word recognition,1978,,,26,1,43-49,,missing,,missing/not-applicable,,complete-core,,"Dynamic programming algorithm optimization for spoken word recognition. IEEE Transactions on Acoustics, Speech, and Signal Processing, 26(1), 43-49."
salmon1984,article,"Salmon, W. C.",Scientific explanation and the causal structure of the world,1984,,,,,,,missing,,missing/not-applicable,,complete-core,,Scientific explanation and the causal structure of the world. Princeton University Press.
sandhu1996,article,"Sandhu, R. S., Coyne, E. J., Feinstein, H. L., & Youman, C. E.",Role-based access control models,1996,,,29,2,38-47,,missing,,missing/not-applicable,,complete-core,,"Role-based access control models. IEEE Computer, 29(2), 38-47."
sanfeliu1983,article,"Sanfeliu, A., & Fu, K. S.",A distance measure between attributed relational graphs for pattern recognition,1983,,,13,3,353-362,,missing,,missing/not-applicable,,complete-core,,"A distance measure between attributed relational graphs for pattern recognition. IEEE Transactions on Systems, Man, and Cybernetics, 13(3), 353-362."
sauro2016,article,"Sauro, J., & Lewis, J. R.",Quantifying the User Experience,2016,,,,,,,missing,,missing/not-applicable,,complete-core,,Quantifying the User Experience. Morgan Kaufmann.
saussure1983,article,"Saussure, F. de.",Course in general linguistics,1983,,,,,,,missing,,missing/not-applicable,,complete-core,,Course in general linguistics. Duckworth. (Original work published 1916).
scott1971,article,"Scott, D., & Strachey, C.",Toward a Mathematical Semantics for Computer Languages,1971,,,,,,,missing,,missing/not-applicable,,complete-core,,"Toward a Mathematical Semantics for Computer Languages. Oxford University Computing Laboratory PRG-6. Tarski, A. (1933/1956). The concept of truth in formalized languages. In Logic, Semantics, Metamathematics. Oxford University Press."
searle1980,article,"Searle, J. R.","Minds, brains, and programs",1980,,,,,417-457,,missing,,missing/not-applicable,,complete-core,,"Minds, brains, and programs. Behavioral and Brain Sciences, 3, 417-457."
sen2016,article,"Sen, M., & Wasow, O.",Race as a bundle of sticks: Designs that estimate effects of seemingly immutable characteristics,2016,,,,,499-522,10.1146/annurev-polisci-032015-,present-valid-format,,missing/not-applicable,https://doi.org/10.1146/annurev-polisci-032015-,complete-core,,"Race as a bundle of sticks: Designs that estimate effects of seemingly immutable characteristics. Annual Review of Political Science, 19, 499-522. https://doi.org/10.1146/annurev-polisci-032015-"
shannon1948,article,"Shannon, C. E.",A mathematical theory of communication,1948,,,,,,,missing,,missing/not-applicable,,complete-core,DUP-0002,A mathematical theory of communication.
shannon1948a,article,"Shannon, C. E.",A mathematical theory of communication,1948,,,,,379-423,,missing,,missing/not-applicable,,complete-core,DUP-0002,"A mathematical theory of communication. Bell System Technical Journal, 27, 379-423, 623-656."
shepard1987,article,"Shepard, R. N.",Toward a universal law of generalization for psychological science,1987,,,,,1317-1323,,missing,,missing/not-applicable,,complete-core,,"Toward a universal law of generalization for psychological science. Science, 237, 1317-1323."
shimojima2015,article,"Shimojima, A.",Semantic properties of diagrams and their cognitive potentials,2015,,,,,,,missing,,missing/not-applicable,,complete-core,,Semantic properties of diagrams and their cognitive potentials. CSLI Publications.
shmueli2010,article,"Shmueli, G.","To Explain or to Predict? Statistical Science, 25(3), 289-310",2010,,,25,3,289-310,,missing,,missing/not-applicable,,complete-core,,"To Explain or to Predict? Statistical Science, 25(3), 289-310."
shneiderman1983,article,"Shneiderman, B.",Direct manipulation: A step beyond programming languages,1983,,,16,8,57-69,,missing,,missing/not-applicable,,complete-core,,"Direct manipulation: A step beyond programming languages. IEEE Computer, 16(8), 57-69."
simon1955,article,"Simon, H. A.",A behavioral model of rational choice,1955,,,69,1,99-118,,missing,,missing/not-applicable,,complete-core,DUP-0001,"A behavioral model of rational choice. Quarterly Journal of Economics, 69(1), 99-118."
simon1955a,article,"Simon, H. A.",A behavioral model of rational choice,1955,,,69,1,99-118,,missing,,missing/not-applicable,,complete-core,DUP-0001,"A behavioral model of rational choice. The Quarterly Journal of Economics, 69(1), 99-118."
simon1962,article,"Simon, H. A.",The architecture of complexity,1962,,,106,6,467-482,,missing,,missing/not-applicable,,complete-core,,"The architecture of complexity. Proceedings of the American Philosophical Society, 106(6), 467-482."
simon1996,article,"Simon, H. A.",The sciences of the artificial (3rd ed.),1996,,,,,,,missing,,missing/not-applicable,,complete-core,,The sciences of the artificial (3rd ed.). MIT Press.
singley1989,article,"Singley, M. K., & Anderson, J. R.",The Transfer of Cognitive Skill,1989,,,,,,,missing,,missing/not-applicable,,complete-core,,The Transfer of Cognitive Skill. Harvard University Press.
skinner1938,article,"Skinner, B. F.",The Behavior of Organisms,1938,,,,,,,missing,,missing/not-applicable,,complete-core,,The Behavior of Organisms. Appleton-Century.
spence2007,article,"Spence, R.",Information visualization: Design for interaction (2nd ed.),2007,,,,,,,missing,,missing/not-applicable,,complete-core,,Information visualization: Design for interaction (2nd ed.). Pearson.
stevens1946,article,"Stevens, S. S.",On the theory of scales of measurement,1946,,,103,2684,677-680,,missing,,missing/not-applicable,,complete-core,DUP-0018,"On the theory of scales of measurement. Science, 103(2684), 677-680."
stevens1946on,article,"Stevens, S. S.",On the theory of scales of measurement,1946,,,,,677-680,,missing,,missing/not-applicable,,complete-core,DUP-0018,"On the theory of scales of measurement. Science, 103, 677-680."
stichweh1992,article,"Stichweh, R.",The sociology of scientific disciplines,1992,,,,,3-15,,missing,,missing/not-applicable,,complete-core,,"The sociology of scientific disciplines. Science in Context, 5, 3-15."
stoffregen2003,article,"Stoffregen, T. A.",Affordances as properties of the animal-environment system,2003,,,15,2,115-134,,missing,,missing/not-applicable,,complete-core,,"Affordances as properties of the animal-environment system. Ecological Psychology, 15(2), 115-134."
suchman1987,book,"Suchman, L. A.",Plans and Situated Actions,1987,,,,,,,missing,,missing/not-applicable,,complete-core,DUP-0020,Plans and Situated Actions.
suchman1987plans,book,"Suchman, L. A.",Plans and Situated Actions,1987,,,,,,,missing,,missing/not-applicable,,complete-core,DUP-0020,Plans and Situated Actions. Cambridge University Press.
suchman1987plans2,book,"Suchman, L. A.",Plans and Situated Actions,1987,,,,,,,missing,,missing/not-applicable,,complete-core,DUP-0020,Plans and Situated Actions. Cambridge University Press. Interaction - Toward a General Theory of Interaction Toward a General Theory of Interaction
suchman1987plans3,book,"Suchman, L. A.",Plans and Situated Actions,1987,,,,,,,missing,,missing/not-applicable,,complete-core,DUP-0020,Plans and Situated Actions. Cambridge University Press. Interaction Transfer | 8
suchman1987plans4,book,"Suchman, L. A.",Plans and Situated Actions,1987,,,,,,,missing,,missing/not-applicable,,complete-core,DUP-0020,Plans and Situated Actions. Cambridge University Press. Page 13
suchman1987plans5,book,"Suchman, L. A.",Plans and situated actions: The problem of human-machine communication,1987,,,,,,,missing,,missing/not-applicable,,complete-core,,Plans and situated actions: The problem of human-machine communication. Cambridge University Press.
suppes1963,article,"Suppes, P., & Zinnes, J. L.",Basic measurement theory,1963,,,,,,,missing,,missing/not-applicable,,complete-core,,"Basic measurement theory. In Handbook of Mathematical Psychology, Vol. 1."
suppes1989,article,"Suppes, P., Krantz, D. H., Luce, R. D., & Tversky, A.","Foundations of Measurement, Vol",1989,,,,,,,missing,,missing/not-applicable,,complete-core,,"Foundations of Measurement, Vol. II. Academic Press."
sutton2018,book,"Sutton, R. S., & Barto, A. G.",Reinforcement Learning: An Introduction (2nd ed.),2018,,,,,,,missing,,missing/not-applicable,,complete-core,DUP-0023,Reinforcement Learning: An Introduction (2nd ed.). MIT Press.
sutton2018reinforcement,book,"Sutton, R. S., & Barto, A. G.","Reinforcement Learning: An Introduction, 2nd ed",2018,,,,,,,missing,,missing/not-applicable,,complete-core,DUP-0023,"Reinforcement Learning: An Introduction, 2nd ed."
sutton1999,article,"Sutton, R. S., Precup, D., & Singh, S.",Between MDPs and semi-MDPs: A framework for temporal abstraction in reinforcement learning,1999,,,,,181-211,,missing,,missing/not-applicable,,complete-core,,"Between MDPs and semi-MDPs: A framework for temporal abstraction in reinforcement learning. Artificial Intelligence, 112, 181-211."
syring2019,article,"Syring, A. F., Tax, N., & van der Aalst, W. M. P.",Evaluating conformance measures in process mining using conformance propositions,2019,,,,,,,missing,,missing/not-applicable,,complete-core,,Evaluating conformance measures in process mining using conformance propositions.
tarski1944,article,"Tarski, A.",The semantic conception of truth and the foundations of semantics,1944,,,,,341-376,,missing,,missing/not-applicable,,complete-core,,"The semantic conception of truth and the foundations of semantics. Philosophy and Phenomenological Research, 4, 341-376. Research paper | July 2026 | 15 Representation, Invariance, and Projection"
taylor1994,article,"Taylor, B. N., & Kuyatt, C. E.",Guidelines for Evaluating and Expressing the Uncertainty of NIST Measurement Results,1994,,,,,,,missing,,missing/not-applicable,,complete-core,,Guidelines for Evaluating and Expressing the Uncertainty of NIST Measurement Results. NIST Technical Note 1297.
taylor2009,article,"Taylor, M. E., & Stone, P.",Transfer learning for reinforcement learning domains: A survey,2009,,,,,1633-1685,,missing,,missing/not-applicable,,complete-core,,"Transfer learning for reinforcement learning domains: A survey. Journal of Machine Learning Research, 10, 1633-1685."
thelen1994,article,"Thelen, E., & Smith, L. B.",A dynamic systems approach to the development of cognition and action,1994,,,,,,,missing,,missing/not-applicable,,complete-core,,A dynamic systems approach to the development of cognition and action. MIT Press.
thorndike1901,article,"Thorndike, E. L., & Woodworth, R. S.",The influence of improvement in one mental function upon the efficiency of other functions,1901,,,,,,,missing,,missing/not-applicable,,complete-core,,The influence of improvement in one mental function upon the efficiency of other functions. Psychological Review.
thorndike1949,article,"Thorndike, R. L.",Personnel Selection: Test and Measurement Techniques,1949,,,,,,,missing,,missing/not-applicable,,complete-core,,Personnel Selection: Test and Measurement Techniques. Wiley.
tinbergen1963,article,"Tinbergen, N.",On aims and methods of ethology,1963,,,,,,,missing,,missing/not-applicable,,complete-core,DUP-0017,On aims and methods of ethology.
tinbergen1963on,article,"Tinbergen, N.",On aims and methods of ethology,1963,,,,,410-433,,missing,,missing/not-applicable,,complete-core,DUP-0017,"On aims and methods of ethology. Zeitschrift fur Tierpsychologie, 20, 410-433."
treisman1980,article,"Treisman, A. M., & Gelade, G.",A feature-integration theory of attention,1980,,,12,1,97-136,,missing,,missing/not-applicable,,complete-core,,"A feature-integration theory of attention. Cognitive Psychology, 12(1), 97-136."
tufte1983,article,"Tufte, E. R.",The visual display of quantitative information,1983,,,,,,,missing,,missing/not-applicable,,complete-core,,The visual display of quantitative information. Graphics Press.
turvey1992,article,"Turvey, M. T.",Affordances and prospective control: An outline of the ontology,1992,,,4,3,173-187,,missing,,missing/not-applicable,,complete-core,,"Affordances and prospective control: An outline of the ontology. Ecological Psychology, 4(3), 173-187."
tversky1977,article,"Tversky, A.",Features of similarity,1977,,,84,4,327-352,,missing,,missing/not-applicable,,complete-core,,"Features of similarity. Psychological Review, 84(4), 327-352."
vanderaalst1998,article,"van der Aalst, W. M. P.",The application of Petri nets to workflow management,1998,,,8,1,21-66,,missing,,missing/not-applicable,,complete-core,,"The application of Petri nets to workflow management. Journal of Circuits, Systems and Computers, 8(1), 21-66."
vanderaalst2016,article,"van der Aalst, W. M. P.",Process Mining: Data Science in Action (2nd ed.),2016,,,,,,,missing,,missing/not-applicable,,complete-core,,Process Mining: Data Science in Action (2nd ed.). Springer.
vanderaalst2016process,article,"van der Aalst, W. M. P.",Process Mining: Data Science in Action,2016,,,,,,,missing,,missing/not-applicable,,complete-core,,Process Mining: Data Science in Action. Springer.
vanglabbeek1990,article,"van Glabbeek, R. J.",The linear time-branching time spectrum,1990,,,,,,,missing,,missing/not-applicable,,complete-core,DUP-0030,The linear time-branching time spectrum. CONCUR 1990. Springer.
vanglabbeek1990the,article,"van Glabbeek, R. J.",The linear time-branching time spectrum,1990,,,,,,,missing,,missing/not-applicable,,complete-core,DUP-0030,The linear time-branching time spectrum. In CONCUR 1990. Springer.
vanderweele2014,article,"VanderWeele, T. J., & Robinson, W. R.",On the causal interpretation of race in regressions adjusting for confounding and mediating variables,2014,,,25,4,473-484,10.1097/EDE.0000000000000105,present-valid-format,,missing/not-applicable,https://doi.org/10.1097/EDE.0000000000000105,complete-core,,"On the causal interpretation of race in regressions adjusting for confounding and mediating variables. Epidemiology, 25(4), 473-484. https://doi.org/10.1097/EDE.0000000000000105"
varela1991,article,"Varela, F. J., Thompson, E., & Rosch, E.",The embodied mind,1991,,,,,,,missing,,missing/not-applicable,,complete-core,,The embodied mind. MIT Press.
vicente1999,article,"Vicente, K. J.","Cognitive work analysis: Toward safe, productive, and healthy computer-based work",1999,,,,,,,missing,,missing/not-applicable,,complete-core,,"Cognitive work analysis: Toward safe, productive, and healthy computer-based work. Lawrence Erlbaum Associates."
vonbertalanffy1968,article,"von Bertalanffy, L.","General system theory: Foundations, development, applications",1968,,,,,,,missing,,missing/not-applicable,,complete-core,DUP-0013,"General system theory: Foundations, development, applications. George Braziller."
vonwright1971,article,"von Wright, G. H.",Explanation and Understanding,1971,,,,,,,missing,,missing/not-applicable,,complete-core,,Explanation and Understanding. Cornell University Press.
wc2012,article,W3C.,"OWL 2 Web Ontology Language: Structural Specification and Functional-Style Syntax, Second Edition",2012,,,,,,,missing,,missing/not-applicable,,complete-core,,"OWL 2 Web Ontology Language: Structural Specification and Functional-Style Syntax, Second Edition."
wc2023,article,W3C.,Web Content Accessibility Guidelines (WCAG) 2.2,2023,,,,,,,missing,,missing/not-applicable,,complete-core,DUP-0033,"Web Content Accessibility Guidelines (WCAG) 2.2. Project paper. Representation, Invariance, and Projection: A Cross-Disciplinary Theory of What Representations Preserve, Transform, and Enable. Project paper. Ontology, Semantics, Representation, and Interpretation: Toward a Layered Theory of Computational Meaning. Project paper. Opportunity, Affordance, and Action Availability: Toward a Formal Account of What an Agent Can Perceive, Believe, and Do. Project paper. Interaction: Toward a General Theory of Interaction. Project paper. Behavior: Toward a Scientific Theory of Computational Behavior. Project paper. Measurement: Toward a Scientific Framework for Interaction Research. Project paper. Interaction Similarity: Toward a General Theory of Comparable Interactions. Project paper. Interaction Transfer: Toward a Theory of Experience and Adaptation. Project paper. Interaction Strategies: Toward a Theory of Behavioral Organization. Project paper. Formal Models of Computational Interaction: Toward a Mathematical Foundation. Project paper. Predicting Interaction: Toward a Predictive Theory of Computational Interaction. Comparative Interaction | 11"
wc2023web,article,W3C.,Web Content Accessibility Guidelines (WCAG) 2.2,2023,,,,,,,missing,,missing/not-applicable,,complete-core,DUP-0033,Web Content Accessibility Guidelines (WCAG) 2.2. World Wide Web Consortium.
ware2012,article,"Ware, C.",Information visualization: Perception for design (3rd ed.),2012,,,,,,,missing,,missing/not-applicable,,complete-core,,Information visualization: Perception for design (3rd ed.). Morgan Kaufmann.
ware2012information,article,"Ware, C.",Information Visualization: Perception for Design,2012,,,,,,,missing,,missing/not-applicable,,complete-core,,Information Visualization: Perception for Design. Morgan Kaufmann.
wegner1997,article,"Wegner, P.",Why interaction is more powerful than algorithms,1997,,,40,5,80-91,,missing,,missing/not-applicable,,complete-core,,"Why interaction is more powerful than algorithms. Communications of the ACM, 40(5), 80-91."
wiener1948,article,"Wiener, N.",Cybernetics,1948,,,,,,,missing,,missing/not-applicable,,complete-core,DUP-0010,Cybernetics. MIT Press.
wiener1948cybernetics,article,"Wiener, N.",Cybernetics,1948,,,,,,,missing,,missing/not-applicable,,complete-core,DUP-0010,Cybernetics. MIT Press. Behavior: Toward a Scientific Theory of Computational Behavior
wiener1948cybernetics2,article,"Wiener, N.",Cybernetics: Or control and communication in the animal and the machine,1948,,,,,,,missing,,missing/not-applicable,,complete-core,DUP-0011,Cybernetics: Or control and communication in the animal and the machine. John Wiley & Sons.
wiener1948cybernetics3,article,"Wiener, N.",Cybernetics: Or Control and Communication in the Animal and the Machine,1948,,,,,,,missing,,missing/not-applicable,,complete-core,DUP-0011,Cybernetics: Or Control and Communication in the Animal and the Machine. MIT Press.
wiener1948cybernetics4,article,"Wiener, N.",Cybernetics: Or control and communication in the animal and the machine,1948,,,,,,,missing,,missing/not-applicable,,complete-core,DUP-0011,Cybernetics: Or control and communication in the animal and the machine. Wiley.
wimsatt2007,article,"Wimsatt, W. C.",Re-engineering philosophy for limited beings,2007,,,,,,,missing,,missing/not-applicable,,complete-core,,Re-engineering philosophy for limited beings. Harvard University Press.
winograd1986,article,"Winograd, T., & Flores, F.",Understanding computers and cognition,1986,,,,,,,missing,,missing/not-applicable,,complete-core,DUP-0032,Understanding computers and cognition. Ablex.
winograd1986understanding,article,"Winograd, T., & Flores, F.",Understanding Computers and Cognition,1986,,,,,,,missing,,missing/not-applicable,,complete-core,DUP-0032,Understanding Computers and Cognition. Ablex. Interaction - Toward a General Theory of Interaction
winskel1987,article,"Winskel, G.",Event structures,1987,,,,,,,missing,,missing/not-applicable,,complete-core,DUP-0012,Event structures.
winskel1987event,article,"Winskel, G.",Event structures,1987,,,,,,,missing,,missing/not-applicable,,complete-core,DUP-0012,"Event structures. In Advances in Petri Nets 1986, LNCS 255. Springer."
wittgenstein1953,article,"Wittgenstein, L.",Philosophical Investigations,1953,,,,,,,missing,,missing/not-applicable,,complete-core,,Philosophical Investigations. Blackwell.
wobbrock2011,article,"Wobbrock, J. O., Findlater, L., Gergle, D., & Higgins, J. J.",The aligned rank transform for nonparametric factorial analyses,2011,,,,,,,missing,,missing/not-applicable,,complete-core,,The aligned rank transform for nonparametric factorial analyses. CHI 2011.
woodward2003,article,"Woodward, J.",Making things happen,2003,,,,,,,missing,,missing/not-applicable,,complete-core,,Making things happen. Oxford University Press. How Sciences Define Their Objects | 14
woodward2003making,article,"Woodward, J.",Making things happen: A theory of causal explanation,2003,,,,,,,missing,,missing/not-applicable,,complete-core,,Making things happen: A theory of causal explanation. Oxford University Press.
wooldridge1995,article,"Wooldridge, M., & Jennings, N. R.",Intelligent agents: Theory and practice,1995,,,10,2,115-152,,missing,,missing/not-applicable,,complete-core,,"Intelligent agents: Theory and practice. Knowledge Engineering Review, 10(2), 115-152. Interaction Strategies"
yarkoni2017,article,"Yarkoni, T., & Westfall, J.",Choosing Prediction Over Explanation in Psychology: Lessons From Machine Learning,2017,,,12,6,1100-1122,,missing,,missing/not-applicable,,complete-core,,"Choosing Prediction Over Explanation in Psychology: Lessons From Machine Learning. Perspectives on Psychological Science, 12(6), 1100-1122. Earlier papers in the Computational Interaction research program: Interaction; Behavior; Measurement; Representation, Invariance, and Projection; Opportunity, Affordance, and Action Availability; Interaction Similarity; Interaction Transfer; Interaction Strategies; Formal Models of Computational Interaction. Predicting Interaction - Toward a Predictive Theory of Computational Interaction"
zhang1994,article,"Zhang, J., & Norman, D. A.",Representations in distributed cognitive tasks,1994,,,18,1,87-122,,missing,,missing/not-applicable,,complete-core,DUP-0024,"Representations in distributed cognitive tasks. Cognitive Science, 18(1), 87-122."
zhang1994representations,article,"Zhang, J., & Norman, D. A.",Representations in distributed cognitive tasks,1994,,,,,87-122,,missing,,missing/not-applicable,,complete-core,DUP-0024,"Representations in distributed cognitive tasks. Cognitive Science, 18, 87-122. Research paper | July 2026 | 13"
